{"name":"047a06e2-1a92-4bd3-8de2-2400ebb6cfdb","id":"/providers/Microsoft.Flow/flows/047a06e2-1a92-4bd3-8de2-2400ebb6cfdb","type":"Microsoft.Flow/flows","properties":{"apiId":"/providers/Microsoft.PowerApps/apis/shared_logicflows","displayName":"UniqueEmail","definition":{"metadata":{"workflowEntityId":null,"creator":{"id":"1288be4b-93b7-4d6b-bde2-f4ca436b8536","type":"User","tenantId":"f5c8e4c1-6615-422d-b850-d79cee28c6f1"},"provisioningMethod":"FromDefinition","failureAlertSubscription":true,"clientLastModifiedTime":"2020-04-17T15:33:52.8006992Z"},"$schema":"https://schema.management.azure.com/providers/Microsoft.Logic/schemas/2016-06-01/workflowdefinition.json#","contentVersion":"1.0.0.0","parameters":{"$connections":{"defaultValue":{},"type":"Object"},"$authentication":{"defaultValue":{},"type":"SecureObject"}},"triggers":{"manual":{"type":"Request","kind":"Button","inputs":{"schema":{"type":"object","properties":{},"required":[]}}}},"actions":{"Get_items":{"runAfter":{"Initialize_variable":["Succeeded"]},"metadata":{"flowSystemMetadata":{"swaggerOperationId":"GetItems"}},"type":"ApiConnection","inputs":{"host":{"connection":{"name":"@json(decodeBase64(triggerOutputs().headers['X-MS-APIM-Tokens']))['$connections']['shared_sharepointonline']['connectionId']"},"api":{"runtimeUrl":"https://unitedstates-002.azure-apim.net/apim/sharepointonline"}},"method":"get","path":"/datasets/@{encodeURIComponent(encodeURIComponent('https://dpowerwork.sharepoint.com/'))}/tables/@{encodeURIComponent(encodeURIComponent('aca8d585-f7a1-4f6d-a53c-a7b370655e07'))}/items","authentication":{"type":"Raw","value":"@json(decodeBase64(triggerOutputs().headers['X-MS-APIM-Tokens']))['$ConnectionKey']"}}},"All_Assignee":{"foreach":"@body('Get_items')?['value']","actions":{"Append_to_array_variable":{"runAfter":{},"type":"AppendToArrayVariable","inputs":{"name":"EmailArray","value":"@items('All_Assignee')['AssignedTo']['Email']"}}},"runAfter":{"Get_items":["Succeeded"]},"type":"Foreach"},"Initialize_variable":{"runAfter":{},"type":"InitializeVariable","inputs":{"variables":[{"name":"EmailArray","type":"array","value":[]}]}},"Get_Unique_Assignee":{"runAfter":{"All_Assignee":["Succeeded"]},"type":"Compose","inputs":"@union(variables('EmailArray'),variables('EmailArray'))"},"Apply_to_each":{"foreach":"@outputs('Get_Unique_Assignee')","actions":{"Filter_array":{"runAfter":{},"type":"Query","inputs":{"from":"@body('Get_items')?['value']","where":"@equals(item()['AssignedTo']['Email'], items('Apply_to_each'))"}},"Create_HTML_table":{"runAfter":{"Filter_array":["Succeeded"]},"type":"Table","inputs":{"from":"@body('Filter_array')","format":"HTML"}}},"runAfter":{"Get_Unique_Assignee":["Succeeded"]},"type":"Foreach"}}},"connectionReferences":{"shared_sharepointonline":{"connectionName":"shared-sharepointonl-d6846bc3-a8e1-44d2-9a03-f4a493679e28","source":"Invoker","id":"/providers/Microsoft.PowerApps/apis/shared_sharepointonline","tier":"NotSpecified"}},"flowFailureAlertSubscribed":false}}