{"name":"1c84a352-5e7a-40c6-9ff6-b90e39f01d69","id":"/providers/Microsoft.Flow/flows/1c84a352-5e7a-40c6-9ff6-b90e39f01d69","type":"Microsoft.Flow/flows","properties":{"apiId":"/providers/Microsoft.PowerApps/apis/shared_logicflows","displayName":"Send Email with Multiple Attchment SP ","definition":{"metadata":{"workflowEntityId":null,"creator":{"id":"1288be4b-93b7-4d6b-bde2-f4ca436b8536","type":"User","tenantId":"f5c8e4c1-6615-422d-b850-d79cee28c6f1"},"provisioningMethod":"FromDefinition","failureAlertSubscription":true,"clientLastModifiedTime":"2020-02-24T17:14:10.3818466Z"},"$schema":"https://schema.management.azure.com/providers/Microsoft.Logic/schemas/2016-06-01/workflowdefinition.json#","contentVersion":"1.0.0.0","parameters":{"$connections":{"defaultValue":{},"type":"Object"},"$authentication":{"defaultValue":{},"type":"SecureObject"}},"triggers":{"manual":{"type":"Request","kind":"Button","inputs":{"schema":{"type":"object","properties":{},"required":[]}}}},"actions":{"Get_files_(properties_only)":{"runAfter":{},"metadata":{"flowSystemMetadata":{"swaggerOperationId":"GetFileItems"}},"type":"ApiConnection","inputs":{"host":{"connection":{"name":"@json(decodeBase64(triggerOutputs().headers['X-MS-APIM-Tokens']))['$connections']['shared_sharepointonline']['connectionId']"},"api":{"runtimeUrl":"https://unitedstates-002.azure-apim.net/apim/sharepointonline"}},"method":"get","path":"/datasets/@{encodeURIComponent(encodeURIComponent('https://dpowerwork.sharepoint.com/'))}/tables/@{encodeURIComponent(encodeURIComponent('35026245-abc4-4707-b173-38881c600cbd'))}/getfileitems","authentication":{"type":"Raw","value":"@json(decodeBase64(triggerOutputs().headers['X-MS-APIM-Tokens']))['$ConnectionKey']"}}},"Apply_to_each_File":{"foreach":"@body('Get_files_(properties_only)')?['value']","actions":{"Get_file_content_using_path":{"runAfter":{},"metadata":{"flowSystemMetadata":{"swaggerOperationId":"GetFileContentByPath"}},"type":"ApiConnection","inputs":{"host":{"connection":{"name":"@json(decodeBase64(triggerOutputs().headers['X-MS-APIM-Tokens']))['$connections']['shared_sharepointonline']['connectionId']"},"api":{"runtimeUrl":"https://unitedstates-002.azure-apim.net/apim/sharepointonline"}},"method":"get","path":"/datasets/@{encodeURIComponent(encodeURIComponent('https://dpowerwork.sharepoint.com/'))}/GetFileContentByPath","queries":{"path":"/@{items('Apply_to_each_File')?['{Path}']}@{items('Apply_to_each_File')?['{FilenameWithExtension}']}","queryParametersSingleEncoded":true,"inferContentType":true},"authentication":{"type":"Raw","value":"@json(decodeBase64(triggerOutputs().headers['X-MS-APIM-Tokens']))['$ConnectionKey']"}}},"Append_to_Attachment_(File_Name_and_Content)_":{"runAfter":{"Increment_Count_variable":["Succeeded"]},"type":"AppendToStringVariable","inputs":{"name":"EmailVar","value":{"Name":"@{items('Apply_to_each_File')?['{FilenameWithExtension}']}","ContentBytes":"@{base64(body('Get_file_content_using_path'))}"}}},"Increment_Count_variable":{"runAfter":{"Get_file_content_using_path":["Succeeded"]},"type":"IncrementVariable","inputs":{"name":"Count","value":1}},"Condition-_If_more_than_one_file":{"actions":{"Append_to_Attachment_string_":{"runAfter":{},"type":"AppendToStringVariable","inputs":{"name":"EmailVar","value":","}}},"runAfter":{"Append_to_Attachment_(File_Name_and_Content)_":["Succeeded"]},"expression":{"greater":["@variables('Count')",1]},"type":"If"}},"runAfter":{"Attachment_Counter_":["Succeeded"]},"type":"Foreach"},"Attachment_String":{"runAfter":{"Get_files_(properties_only)":["Succeeded"]},"type":"InitializeVariable","inputs":{"variables":[{"name":"EmailVar","type":"String","value":"["}]}},"Send_an_email_(V2)":{"runAfter":{"Append_to_Attachment_string":["Succeeded"]},"metadata":{"flowSystemMetadata":{"swaggerOperationId":"SendEmailV2"}},"type":"ApiConnection","inputs":{"host":{"connection":{"name":"@json(decodeBase64(triggerOutputs().headers['X-MS-APIM-Tokens']))['$connections']['shared_office365']['connectionId']"},"api":{"runtimeUrl":"https://unitedstates-002.azure-apim.net/apim/office365"}},"method":"post","body":{"To":"deepak@dpowerwork.onmicrosoft.com","Subject":"Test","Body":"<p>Test</p>","Attachments":"@json(variables('EmailVar'))"},"path":"/v2/Mail","authentication":{"type":"Raw","value":"@json(decodeBase64(triggerOutputs().headers['X-MS-APIM-Tokens']))['$ConnectionKey']"}}},"Append_to_Attachment_string":{"runAfter":{"Apply_to_each_File":["Succeeded"]},"type":"AppendToStringVariable","inputs":{"name":"EmailVar","value":"]"}},"Attachment_Counter_":{"runAfter":{"Attachment_String":["Succeeded"]},"type":"InitializeVariable","inputs":{"variables":[{"name":"Count","type":"Integer","value":1}]}}}},"connectionReferences":{"shared_office365":{"connectionName":"shared-office365-1a770499-4cd7-4fbe-b5b2-99182dda1b0d","source":"Invoker","id":"/providers/Microsoft.PowerApps/apis/shared_office365","tier":"NotSpecified"},"shared_sharepointonline":{"connectionName":"shared-sharepointonl-c7257215-dba7-4d1f-8298-4189e70f82ab","source":"Invoker","id":"/providers/Microsoft.PowerApps/apis/shared_sharepointonline","tier":"NotSpecified"}},"flowFailureAlertSubscribed":false}}