{"name":"2fa440dd-2891-4f83-a62b-df0847170eb7","id":"/providers/Microsoft.Flow/flows/2fa440dd-2891-4f83-a62b-df0847170eb7","type":"Microsoft.Flow/flows","properties":{"apiId":"/providers/Microsoft.PowerApps/apis/shared_logicflows","displayName":"ArrayTOHTML","definition":{"metadata":{"workflowEntityId":null,"creator":{"id":"1288be4b-93b7-4d6b-bde2-f4ca436b8536","type":"User","tenantId":"f5c8e4c1-6615-422d-b850-d79cee28c6f1"},"provisioningMethod":"FromDefinition","failureAlertSubscription":true,"clientLastModifiedTime":"2020-03-31T16:16:09.4222095Z"},"$schema":"https://schema.management.azure.com/providers/Microsoft.Logic/schemas/2016-06-01/workflowdefinition.json#","contentVersion":"1.0.0.0","parameters":{"$authentication":{"defaultValue":{},"type":"SecureObject"}},"triggers":{"manual":{"type":"Request","kind":"Button","inputs":{"schema":{"type":"object","properties":{},"required":[]}}}},"actions":{"Initialize_variable":{"runAfter":{},"type":"InitializeVariable","inputs":{"variables":[{"name":"ColumnArray","type":"array","value":["(Policy Provisions:","INSURER:","NCCI Company Number:","Company Code:","POLICY NUMBER:","Previous Policy Number:","1. Named Insured and Mailing Address:","FEIN Number:","The Named Insured is:","Business of Named Insured:","Other workplaces not shown above:","Producer's Name:","Producer's Code:","Total Estimated Annual Premium:","Policy Minimum Premium:","Audit Period:","Installment Term:","Process Date:","Policy Expiration Date:","__Tokens__"]}]}},"Initialize_variable_2":{"runAfter":{"Initialize_variable":["Succeeded"]},"type":"InitializeVariable","inputs":{"variables":[{"name":"ValArray","type":"array","value":["WCOOOOOOC)","The Hartford Casualty Insurance Company","ONE HARTFORD PLAZA HARTFORD CT 06155","14397","3","72 WEC AB401D","New","Boguslawa Samsel","240 Jupiter Drive","Moon, Universe, 12345","31-0164468","Individual","Offices of Physicians (except Mental Health Specialists)","201 S LASKY DR","BEVERLY HILLS CA 90212","MESLEE INSURANCE SERVICES INC","LOS ANGELES CA 90046","72255996","THE HARTFORD BUSINESS SERVICE CENTER","3600 WISEMAN BLVD","SAN ANTONIO TX 78251","$1,569","$600 CA","ANNUAL","Ten Pay (25%Down+9@)8.33%)","04/13/18","04/13/19","INFORMATION PAGE","WORKERS COMPENSATION AND EMPLOYERS LIABILITY POLICY","THE","HARTFORD","Suffix","LARS RENEWAL","(No., Street, Town, State, Zip Code)","State Identification Number(s):","2. Policy Period:","From","To","12:01 a.m., Standard time at the insured's mailing address.","7164 MELROSE AVENUE","Issuing Office:","(877) 853-2582","Deposit Premium:","The policy is not binding unless countersigned by our authorized representative.","Countersigned by","Smeand. Castaneda","Authorized Representative","Date","Form WC 00 00 01 A","(1) Printed in U.S.A.","Page 1 (Continued on next page)"]}]}},"Initialize_variable_3":{"runAfter":{"Initialize_variable_2":["Succeeded"]},"type":"InitializeVariable","inputs":{"variables":[{"name":"HtmlArray","type":"array","value":[]}]}},"Apply_to_each":{"foreach":"@variables('ColumnArray')","actions":{"Append_to_array_variable":{"runAfter":{},"type":"AppendToArrayVariable","inputs":{"name":"HtmlArray","value":{"Name":"@{items('Apply_to_each')}","Val":"@{variables('ValArray')[variables('Counter')]}"}}},"Increment_variable":{"runAfter":{"Append_to_array_variable":["Succeeded"]},"type":"IncrementVariable","inputs":{"name":"Counter","value":1}}},"runAfter":{"Initialize_variable_4":["Succeeded"]},"type":"Foreach"},"Initialize_variable_4":{"runAfter":{"Initialize_variable_3":["Succeeded"]},"type":"InitializeVariable","inputs":{"variables":[{"name":"Counter","type":"integer","value":0}]}},"Create_HTML_table":{"runAfter":{"Compose":["Succeeded"]},"type":"Table","inputs":{"from":"@variables('HtmlArray')","format":"HTML"}},"Compose":{"runAfter":{"Apply_to_each":["Succeeded"]},"type":"Compose","inputs":"@variables('HtmlArray')"}}},"connectionReferences":{},"flowFailureAlertSubscribed":false}}