{"name":"a6cecf1f-897e-4bb5-a681-b7f4bf2c97fb","id":"/providers/Microsoft.Flow/flows/a6cecf1f-897e-4bb5-a681-b7f4bf2c97fb","type":"Microsoft.Flow/flows","properties":{"apiId":"/providers/Microsoft.PowerApps/apis/shared_logicflows","displayName":"GenerateInvoice - 2","definition":{"metadata":{"workflowEntityId":null,"processAdvisorMetadata":null,"flowclientsuspensionreason":"None","flowclientsuspensiontime":null,"creator":{"id":"bb78b6cb-1737-4234-a136-b51f910f7279","type":"User","tenantId":"dfbc606c-719f-4d07-8482-3261e955e3a2"},"provisioningMethod":"FromDefinition","failureAlertSubscription":true,"clientLastModifiedTime":"2021-07-05T20:09:56.5438956Z"},"$schema":"https://schema.management.azure.com/providers/Microsoft.Logic/schemas/2016-06-01/workflowdefinition.json#","contentVersion":"1.0.0.0","parameters":{"$connections":{"defaultValue":{},"type":"Object"},"$authentication":{"defaultValue":{},"type":"SecureObject"}},"triggers":{"When_an_item_or_a_file_is_modified":{"recurrence":{"frequency":"Minute","interval":1},"splitOn":"@triggerOutputs()?['body/value']","type":"OpenApiConnection","inputs":{"host":{"apiId":"/providers/Microsoft.PowerApps/apis/shared_sharepointonline","connectionName":"shared_sharepointonline","operationId":"GetOnChangedItems"},"parameters":{"dataset":"https://deepakdemo.sharepoint.com/sites/DeepakTech","table":"79b9f207-6fcb-4e65-ada1-fcdd6e529ad0"},"authentication":"@parameters('$authentication')"}}},"actions":{"Get_items":{"runAfter":{},"type":"OpenApiConnection","inputs":{"host":{"apiId":"/providers/Microsoft.PowerApps/apis/shared_sharepointonline","connectionName":"shared_sharepointonline","operationId":"GetItems"},"parameters":{"dataset":"https://deepakdemo.sharepoint.com/sites/DeepakTech","table":"34bcc595-d4a6-4c2f-9a41-df54a7f9cbb2","$filter":"InvoiceNo eq '@{triggerOutputs()?['body/ID']}'"},"authentication":"@parameters('$authentication')"}},"Get_attachments":{"runAfter":{"Get_items":["Succeeded"]},"type":"OpenApiConnection","inputs":{"host":{"apiId":"/providers/Microsoft.PowerApps/apis/shared_sharepointonline","connectionName":"shared_sharepointonline","operationId":"GetItemAttachments"},"parameters":{"dataset":"https://deepakdemo.sharepoint.com/sites/DeepakTech","table":"79b9f207-6fcb-4e65-ada1-fcdd6e529ad0","itemId":"@triggerOutputs()?['body/ID']"},"authentication":"@parameters('$authentication')"}},"Get_attachment_content":{"runAfter":{"Get_attachments":["Succeeded"]},"type":"OpenApiConnection","inputs":{"host":{"apiId":"/providers/Microsoft.PowerApps/apis/shared_sharepointonline","connectionName":"shared_sharepointonline","operationId":"GetAttachmentContent"},"parameters":{"dataset":"https://deepakdemo.sharepoint.com/sites/DeepakTech","table":"79b9f207-6fcb-4e65-ada1-fcdd6e529ad0","itemId":"@triggerOutputs()?['body/ID']","attachmentId":"@first(outputs('Get_attachments')?['body'])?['Id']"},"authentication":"@parameters('$authentication')"}},"Initialize_variable":{"runAfter":{"Get_attachment_content":["Succeeded"]},"type":"InitializeVariable","inputs":{"variables":[{"name":"LineItems","type":"array"}]}},"Populate_a_Microsoft_Word_template":{"runAfter":{"Apply_to_each":["Succeeded"]},"metadata":{"013OJDDX54O5AQMRI6QFCZHUA674YZDHAN":"/InvoiceTemp.docx"},"type":"OpenApiConnection","inputs":{"host":{"apiId":"/providers/Microsoft.PowerApps/apis/shared_wordonlinebusiness","connectionName":"shared_wordonlinebusiness","operationId":"CreateFileItem"},"parameters":{"source":"sites/deepakdemo.sharepoint.com,e0ee12fa-1bd1-43de-9309-ceb8e5e235cf,93a0bb4e-0838-48de-8478-672d61212f25","drive":"b!-hLu4NEb3kOTCc645eI1z067oJM4CN5IhHhnLWEhLyWbOvk3tahTQbolkwCccfwc","file":"013OJDDX54O5AQMRI6QFCZHUA674YZDHAN","dynamicFileSchema/43416868":"@concat(triggerOutputs()?['body/City'],',',triggerOutputs()?['body/State'],',',triggerOutputs()?['body/CountryOrRegion'],',',triggerOutputs()?['body/PostalCode'])","dynamicFileSchema/140706081":"@triggerOutputs()?['body/InvoiceDate']","dynamicFileSchema/215706387":"@variables('varSubTotal')","dynamicFileSchema/351693190":"@concat(triggerOutputs()?['body/City0'],',',triggerOutputs()?['body/State0'],',',triggerOutputs()?['body/CountryOrRegion0'],',',triggerOutputs()?['body/PostalCode0'])","dynamicFileSchema/514967680":"@add(variables('varSubTotal'),div(mul(variables('varSubTotal'),6),100))","dynamicFileSchema/1754936112":"@triggerOutputs()?['body/Street0']","dynamicFileSchema/1902480260":"@outputs('Get_attachment_content')?['body']","dynamicFileSchema/-255979531":"@triggerOutputs()?['body/Title']","dynamicFileSchema/-85767984":"@triggerOutputs()?['body/Street']","dynamicFileSchema/-1687980852":"@variables('LineItems')","dynamicFileSchema/-315259292":"@div(mul(variables('varSubTotal'),6),100)"},"authentication":"@parameters('$authentication')"}},"Apply_to_each":{"foreach":"@outputs('Get_items')?['body/value']","actions":{"Append_to_array_variable":{"runAfter":{},"type":"AppendToArrayVariable","inputs":{"name":"LineItems","value":{"QTY":"@{items('Apply_to_each')?['Quantity']}","Desc":"@{items('Apply_to_each')?['ItemDetails']}","Unit Price":"@{items('Apply_to_each')?['UnitPrice']}","Line Total":"@{items('Apply_to_each')?['LIneTotal']}"}}},"Increment_variable":{"runAfter":{"Append_to_array_variable":["Succeeded"]},"type":"IncrementVariable","inputs":{"name":"varSubTotal","value":"@items('Apply_to_each')?['LIneTotal']"}}},"runAfter":{"Initialize_variable_2":["Succeeded"]},"type":"Foreach"},"Initialize_variable_2":{"runAfter":{"Initialize_variable":["Succeeded"]},"type":"InitializeVariable","inputs":{"variables":[{"name":"varSubTotal","type":"float","value":0}]}},"Send_an_email_(V2)":{"runAfter":{"Populate_a_Microsoft_Word_template":["Succeeded"]},"type":"OpenApiConnection","inputs":{"host":{"apiId":"/providers/Microsoft.PowerApps/apis/shared_office365","connectionName":"shared_office365","operationId":"SendEmailV2"},"parameters":{"emailMessage/To":"@triggerOutputs()?['body/Author/Email']","emailMessage/Subject":"@{triggerOutputs()?['body/Title']} Ready","emailMessage/Body":"<p>@{triggerOutputs()?['body/Title']} Ready</p>","emailMessage/Attachments":[{"Name":"Invoice.docx","ContentBytes":"@outputs('Populate_a_Microsoft_Word_template')?['body']"}]},"authentication":"@parameters('$authentication')"}}}},"connectionReferences":{"shared_sharepointonline":{"connectionName":"shared-sharepointonl-f253ae29-6330-4125-8964-d724f98327d2","source":"Embedded","id":"/providers/Microsoft.PowerApps/apis/shared_sharepointonline","tier":"NotSpecified"},"shared_wordonlinebusiness":{"connectionName":"shared-wordonlinebus-6b524e14-0e06-4488-a09d-946c-26dec1f7","source":"Embedded","id":"/providers/Microsoft.PowerApps/apis/shared_wordonlinebusiness","tier":"NotSpecified"},"shared_office365":{"connectionName":"f59009dbcd984fedacd5c7161b0597fe","source":"Embedded","id":"/providers/Microsoft.PowerApps/apis/shared_office365","tier":"NotSpecified"}},"flowFailureAlertSubscribed":false}}