{"name":"caf919c4-4b36-4e1a-ab51-fc04a96fe414","id":"/providers/Microsoft.Flow/flows/caf919c4-4b36-4e1a-ab51-fc04a96fe414","type":"Microsoft.Flow/flows","properties":{"apiId":"/providers/Microsoft.PowerApps/apis/shared_logicflows","displayName":"CheckOutFilesReport","definition":{"metadata":{"workflowEntityId":null,"processAdvisorMetadata":null,"flowChargedByPaygo":null,"flowclientsuspensionreason":"None","flowclientsuspensiontime":null,"flowclientsuspensionreasondetails":null,"creator":{"id":"bb78b6cb-1737-4234-a136-b51f910f7279","type":"User","tenantId":"dfbc606c-719f-4d07-8482-3261e955e3a2"},"provisioningMethod":"FromDefinition","failureAlertSubscription":true,"clientLastModifiedTime":"2024-03-22T22:02:00.873454Z","connectionKeySavedTimeKey":"2024-03-22T22:02:00.873454Z"},"$schema":"https://schema.management.azure.com/providers/Microsoft.Logic/schemas/2016-06-01/workflowdefinition.json#","contentVersion":"1.0.0.0","parameters":{"$connections":{"defaultValue":{},"type":"Object"},"$authentication":{"defaultValue":{},"type":"SecureObject"}},"triggers":{"manual":{"metadata":{"operationMetadataId":"9a019af8-e888-4380-bdd7-79fe4eeccbf0"},"type":"Request","kind":"Button","inputs":{"schema":{"type":"object","properties":{},"required":[]}}}},"actions":{"Get_all_lists_and_libraries":{"runAfter":{},"metadata":{"operationMetadataId":"a7be4d1d-6008-45b1-911b-f86f45cda4af"},"type":"OpenApiConnection","inputs":{"host":{"apiId":"/providers/Microsoft.PowerApps/apis/shared_sharepointonline","connectionName":"shared_sharepointonline","operationId":"GetAllTables"},"parameters":{"dataset":"https://deepakdemo.sharepoint.com"},"authentication":{"value":"@json(decodeBase64(triggerOutputs().headers['X-MS-APIM-Tokens']))['$ConnectionKey']","type":"Raw"}}},"Filter_array_2":{"runAfter":{"Get_all_lists_and_libraries":["Succeeded"]},"metadata":{"operationMetadataId":"4de96efa-0977-45a7-872a-34cbb3960fdb"},"type":"Query","inputs":{"from":"@outputs('Get_all_lists_and_libraries')?['body/value']","where":"@equals(item()?['Type'], string(101))"}},"Apply_to_each":{"foreach":"@body('Filter_array_2')","actions":{"Get_items":{"runAfter":{},"metadata":{"operationMetadataId":"2ece4a75-5d4e-4972-9afd-03fce0c7c135"},"type":"OpenApiConnection","inputs":{"host":{"apiId":"/providers/Microsoft.PowerApps/apis/shared_sharepointonline","connectionName":"shared_sharepointonline","operationId":"GetItems"},"parameters":{"dataset":"https://deepakdemo.sharepoint.com","table":"@items('Apply_to_each')?['Name']"},"authentication":{"value":"@json(decodeBase64(triggerOutputs().headers['X-MS-APIM-Tokens']))['$ConnectionKey']","type":"Raw"}},"runtimeConfiguration":{"paginationPolicy":{"minimumItemCount":5000}}},"Filter_array_3":{"runAfter":{"Get_items":["Succeeded"]},"metadata":{"operationMetadataId":"879f453d-db2c-49dd-a8b1-bd7b90f070b8"},"type":"Query","inputs":{"from":"@outputs('Get_items')?['body/value']","where":"@equals(item()?['{IsCheckedOut}'], true)"}},"Create_HTML_table_2":{"runAfter":{"Filter_array_3":["Succeeded"]},"metadata":{"operationMetadataId":"e129e017-55c7-4c65-8e98-023766d4d4c7"},"type":"Table","inputs":{"from":"@body('Filter_array_3')","format":"HTML","columns":[{"header":"FileName","value":"@item()?['{FilenameWithExtension}']"},{"header":"CheckedOutTo","value":"@item()?['CheckoutUser']?['Email']"},{"header":"Link","value":"@item()?['{Link}']"}]}},"Compose_2":{"runAfter":{"Create_HTML_table_2":["Succeeded"]},"metadata":{"operationMetadataId":"910d6bae-d9f7-4ca5-923b-2e18a6f575d0"},"type":"Compose","inputs":"<style>\ntable {\n\tborder: 1px solid #1C6EA4;\n\tbackground-color: #EEEEEE;\n\twidth: 100%;\n\ttext-align: left;\n\tborder-collapse: collapse;\n}\ntable td, table th {\n  border: 1px solid #AAAAAA;\n  padding: 3px 2px;\n}\ntable tbody td {\n  font-size: 13px;\n}\ntable thead {\n  background: #0078D4;\n  border-bottom: 2px solid #444444;\n}\ntable thead th {\n  font-size: 15px;\n  font-weight: bold;\n  color: #FFFFFF;\n  border-left: 2px solid #D0E4F5;\n}\ntable thead th:first-child {\n  border-left: none;\n}\n</style>"},"Send_an_email_(V2)":{"runAfter":{"Compose_2":["Succeeded"]},"metadata":{"operationMetadataId":"69aab17e-a557-4283-b986-c0cf587aa3d8"},"type":"OpenApiConnection","inputs":{"host":{"apiId":"/providers/Microsoft.PowerApps/apis/shared_office365","connectionName":"shared_office365","operationId":"SendEmailV2"},"parameters":{"emailMessage/To":"Sample@email.com","emailMessage/Subject":"Report","emailMessage/Body":"<p>@{outputs('Compose_2')}@{body('Create_HTML_table_2')}</p>","emailMessage/Importance":"Normal"},"authentication":{"value":"@json(decodeBase64(triggerOutputs().headers['X-MS-APIM-Tokens']))['$ConnectionKey']","type":"Raw"}}}},"runAfter":{"Filter_array_2":["Succeeded"]},"metadata":{"operationMetadataId":"06262c87-fe25-44f6-b562-3061b87992fc"},"type":"Foreach"}}},"connectionReferences":{"shared_sharepointonline":{"connectionName":"2ddff138b99c416da7e53a810541e36f","source":"Invoker","id":"/providers/Microsoft.PowerApps/apis/shared_sharepointonline","tier":"NotSpecified"},"shared_office365":{"connectionName":"f59009dbcd984fedacd5c7161b0597fe","source":"Invoker","id":"/providers/Microsoft.PowerApps/apis/shared_office365","tier":"NotSpecified"}},"flowFailureAlertSubscribed":false,"isManaged":false}}