{"name":"1ddee675-64f5-4c81-84d0-40bb4f5dc6b1","id":"/providers/Microsoft.Flow/flows/1ddee675-64f5-4c81-84d0-40bb4f5dc6b1","type":"Microsoft.Flow/flows","properties":{"apiId":"/providers/Microsoft.PowerApps/apis/shared_logicflows","displayName":"GetSPColumnsbyContentType","definition":{"metadata":{"workflowEntityId":null,"flowclientsuspensionreason":"None","flowclientsuspensiontime":null,"creator":{"id":"bb78b6cb-1737-4234-a136-b51f910f7279","type":"User","tenantId":"dfbc606c-719f-4d07-8482-3261e955e3a2"},"provisioningMethod":"FromDefinition","failureAlertSubscription":true,"clientLastModifiedTime":"2021-03-28T05:45:34.7590711Z"},"$schema":"https://schema.management.azure.com/providers/Microsoft.Logic/schemas/2016-06-01/workflowdefinition.json#","contentVersion":"1.0.0.0","parameters":{"$connections":{"defaultValue":{},"type":"Object"},"$authentication":{"defaultValue":{},"type":"SecureObject"}},"triggers":{"manual":{"type":"Request","kind":"PowerApp","inputs":{"schema":{"type":"object","properties":{"ListName_Inputs":{"type":"any","description":"Inputs","x-ms-powerflows-param-ispartial":false}},"required":["ListName_Inputs"]}}}},"actions":{"ListName":{"runAfter":{},"type":"Compose","inputs":"@triggerBody()['ListName_Inputs']"},"GetListCT":{"runAfter":{"GETListID":["Succeeded"]},"type":"OpenApiConnection","inputs":{"host":{"apiId":"/providers/Microsoft.PowerApps/apis/shared_sharepointonline","connectionName":"shared_sharepointonline","operationId":"HttpRequest"},"parameters":{"dataset":"https://deepakdemo.sharepoint.com/","parameters/method":"GET","parameters/uri":"_api/web/lists/getbytitle('@{outputs('ListName')}')/contenttypes"},"authentication":{"value":"@json(decodeBase64(triggerOutputs().headers['X-MS-APIM-Tokens']))['$ConnectionKey']","type":"Raw"}}},"GETListID":{"runAfter":{"Columns":["Succeeded"]},"type":"OpenApiConnection","inputs":{"host":{"apiId":"/providers/Microsoft.PowerApps/apis/shared_sharepointonline","connectionName":"shared_sharepointonline","operationId":"HttpRequest"},"parameters":{"dataset":"https://deepakdemo.sharepoint.com/","parameters/method":"GET","parameters/uri":"_api/web/lists/getbytitle('@{outputs('ListName')}')"},"authentication":{"value":"@json(decodeBase64(triggerOutputs().headers['X-MS-APIM-Tokens']))['$ConnectionKey']","type":"Raw"}}},"EachCT":{"foreach":"@outputs('GetListCT')?['body']['d']['results']","actions":{"GetColumns":{"runAfter":{},"type":"OpenApiConnection","inputs":{"host":{"apiId":"/providers/Microsoft.PowerApps/apis/shared_sharepointonline","connectionName":"shared_sharepointonline","operationId":"HttpRequest"},"parameters":{"dataset":"https://deepakdemo.sharepoint.com/","parameters/method":"GET","parameters/uri":"_api/web/lists('@{outputs('GETListID')?['body']?['d']?['Id']}')/contenttypes('@{items('EachCT')?['StringId']}')/fields"},"authentication":{"value":"@json(decodeBase64(triggerOutputs().headers['X-MS-APIM-Tokens']))['$ConnectionKey']","type":"Raw"}}},"EachColumn":{"foreach":"@outputs('GetColumns')?['body']?['d']?['results']","actions":{"Append_to_Columns":{"runAfter":{},"type":"AppendToStringVariable","inputs":{"name":"Columns","value":"@{items('EachColumn')?['Title']},"}}},"runAfter":{"Set_variable":["Succeeded"]},"type":"Foreach"},"Set_variable":{"runAfter":{"GetColumns":["Succeeded"]},"type":"SetVariable","inputs":{"name":"Columns","value":"@{null}"}},"Append_to_string_variable":{"runAfter":{"EachColumn":["Succeeded"]},"type":"AppendToStringVariable","inputs":{"name":"ColumnSet","value":"@concat(items('EachCT')?['Name'],':',variables('Columns'),';')"}}},"runAfter":{"GetListCT":["Succeeded"]},"type":"Foreach"},"Columns":{"runAfter":{"ColumnSet":["Succeeded"]},"type":"InitializeVariable","inputs":{"variables":[{"name":"Columns","type":"string"}]}},"ColumnSet":{"runAfter":{"ListName":["Succeeded"]},"type":"InitializeVariable","inputs":{"variables":[{"name":"ColumnSet","type":"string"}]}},"Compose":{"runAfter":{"EachCT":["Succeeded"]},"type":"Compose","inputs":"@string(variables('ColumnSet'))"},"Respond_to_a_PowerApp_or_flow":{"runAfter":{"Compose":["Succeeded"]},"type":"Response","kind":"PowerApp","inputs":{"statusCode":200,"body":{"ctcolumns":"@{outputs('Compose')}"},"schema":{"type":"object","properties":{"ctcolumns":{"title":"CTColumns","x-ms-dynamically-added":true,"type":"string"}}}}}},"outputs":{},"description":"Click PowerApps button to start approvals for SharePoint list items, send email for approval and rejection of requests and update the SharePoint list item. The SharePoint list must have the columns: Title and DateSubmitted."},"connectionReferences":{"shared_sharepointonline":{"connectionName":"shared-sharepointonl-f253ae29-6330-4125-8964-d724f98327d2","source":"Invoker","id":"/providers/Microsoft.PowerApps/apis/shared_sharepointonline","tier":"NotSpecified"}},"flowFailureAlertSubscribed":false}}