{"name":"7e0c82a5-dba9-4e28-b2c9-d346bdf7619e","id":"/providers/Microsoft.Flow/flows/7e0c82a5-dba9-4e28-b2c9-d346bdf7619e","type":"Microsoft.Flow/flows","properties":{"apiId":"/providers/Microsoft.PowerApps/apis/shared_logicflows","displayName":"SPSiteProvisioning","definition":{"metadata":{"workflowEntityId":null,"processAdvisorMetadata":null,"flowChargedByPaygo":null,"flowclientsuspensionreason":"None","flowclientsuspensiontime":null,"flowclientsuspensionreasondetails":null,"creator":{"id":"bb78b6cb-1737-4234-a136-b51f910f7279","type":"User","tenantId":"dfbc606c-719f-4d07-8482-3261e955e3a2"},"provisioningMethod":"FromDefinition","failureAlertSubscription":true,"clientLastModifiedTime":"2024-03-22T22:19:40.8934872Z","connectionKeySavedTimeKey":"2024-03-22T22:19:40.8934872Z"},"$schema":"https://schema.management.azure.com/providers/Microsoft.Logic/schemas/2016-06-01/workflowdefinition.json#","contentVersion":"1.0.0.0","parameters":{"$connections":{"defaultValue":{},"type":"Object"},"$authentication":{"defaultValue":{},"type":"SecureObject"}},"triggers":{"manual":{"metadata":{"operationMetadataId":"6507a4f9-d6fd-498b-a98e-97c6120239ea"},"type":"Request","kind":"Button","inputs":{"schema":{"type":"object","properties":{},"required":[]}}}},"actions":{"Send_an_HTTP_request_to_SharePoint_4":{"runAfter":{},"metadata":{"operationMetadataId":"655a6626-bded-4947-9362-4f6d5e3b1642"},"type":"OpenApiConnection","inputs":{"host":{"apiId":"/providers/Microsoft.PowerApps/apis/shared_sharepointonline","connectionName":"shared_sharepointonline","operationId":"HttpRequest"},"parameters":{"dataset":"https://deepakdemo.sharepoint.com/","parameters/method":"POST","parameters/uri":"/_api/Microsoft.SharePoint.Utilities.WebTemplateExtensions.SiteScriptUtility.GetSiteScripts"},"authentication":{"value":"@json(decodeBase64(triggerOutputs().headers['X-MS-APIM-Tokens']))['$ConnectionKey']","type":"Raw"}}},"Compose":{"runAfter":{"GetSiteScript":["Succeeded"]},"metadata":{"operationMetadataId":"4febadae-a2d3-483b-aa2a-ef42ea9f98b0"},"type":"Compose","inputs":"@body('GetSiteScript')?['d']?['GetSiteScriptFromWeb']?['JSON']"},"GetSiteScript":{"runAfter":{"Send_an_HTTP_request_to_SharePoint_4":["Succeeded"]},"metadata":{"operationMetadataId":"b10072e6-82c1-47e8-95e3-3a809f6789d3"},"type":"OpenApiConnection","inputs":{"host":{"apiId":"/providers/Microsoft.PowerApps/apis/shared_sharepointonline","connectionName":"shared_sharepointonline","operationId":"HttpRequest"},"parameters":{"dataset":"https://deepakdemo.sharepoint.com/","parameters/method":"POST","parameters/uri":"/_api/Microsoft.SharePoint.Utilities.WebTemplateExtensions.SiteScriptUtility.GetSiteScriptFromWeb","parameters/headers":{"accept":"application/json;odata=verbose"},"parameters/body":"{\"webUrl\":\"https://deepakdemo.sharepoint.com/\",\n\"info\":{ \n      \"IncludeBranding\":true,\n      \"IncludedLists\":[  \"/\"\n      ],\n      \"IncludeRegionalSettings\":true,\n      \"IncludeSiteExternalSharingCapability\":true,\n      \"IncludeTheme\":true,\n      \"IncludeLinksToExportedItems\":true\n   }\n}"},"authentication":{"value":"@json(decodeBase64(triggerOutputs().headers['X-MS-APIM-Tokens']))['$ConnectionKey']","type":"Raw"}}},"CreateSiteScript":{"runAfter":{"Compose_2":["Succeeded"]},"metadata":{"operationMetadataId":"49533813-a855-468d-9c1b-925e8aada77c"},"type":"OpenApiConnection","inputs":{"host":{"apiId":"/providers/Microsoft.PowerApps/apis/shared_sharepointonline","connectionName":"shared_sharepointonline","operationId":"HttpRequest"},"parameters":{"dataset":"https://deepakdemo.sharepoint.com/","parameters/method":"POST","parameters/uri":"/_api/Microsoft.SharePoint.Utilities.WebTemplateExtensions.SiteScriptUtility.CreateSiteScript(Title=@title)?@title='My custom site script'","parameters/headers":{"Content-Type":"application/json;charset=utf-8","ACCEPT":"application/json; odata.metadata=minimal","x-requestdigest":"_spPageContextInfo.formDigestValue","ODATA-VERSION":"4.0"},"parameters/body":"@outputs('Compose_2')"},"authentication":{"value":"@json(decodeBase64(triggerOutputs().headers['X-MS-APIM-Tokens']))['$ConnectionKey']","type":"Raw"}}},"CreateSiteDesign":{"runAfter":{"CreateSiteScript":["Succeeded"]},"metadata":{"operationMetadataId":"036ba02d-2623-4346-adee-860b5986b1b2"},"type":"OpenApiConnection","inputs":{"host":{"apiId":"/providers/Microsoft.PowerApps/apis/shared_sharepointonline","connectionName":"shared_sharepointonline","operationId":"HttpRequest"},"parameters":{"dataset":"https://deepakdemo.sharepoint.com/","parameters/method":"POST","parameters/uri":"/_api/Microsoft.SharePoint.Utilities.WebTemplateExtensions.SiteScriptUtility.CreateSiteDesign","parameters/headers":{"accept":"application/json;odata=verbose"},"parameters/body":"{ \"info\":{\n    \"Title\":\"My Custom Design\",\n    \"Description\":\"Custom theme\",\n    \"SiteScriptIds\":[\"@{body('CreateSiteScript')?['Id']}\"],\n    \"WebTemplate\":\"62\",\n    \"PreviewImageUrl\": \"\",\n    \"PreviewImageAltText\": \"My Custom Design\"\n}}"},"authentication":{"value":"@json(decodeBase64(triggerOutputs().headers['X-MS-APIM-Tokens']))['$ConnectionKey']","type":"Raw"}}},"Parse_JSON":{"runAfter":{"Compose":["Succeeded"]},"metadata":{"operationMetadataId":"9af2e002-8ec3-45ca-9cc2-dfd7415f8b2d"},"type":"ParseJson","inputs":{"content":"@outputs('Compose')","schema":{}}},"CreateSite":{"runAfter":{"CreateSiteDesign":["Succeeded"]},"metadata":{"operationMetadataId":"1de4c134-2c77-42ec-adff-6bec61719083"},"type":"OpenApiConnection","inputs":{"host":{"apiId":"/providers/Microsoft.PowerApps/apis/shared_sharepointonline","connectionName":"shared_sharepointonline","operationId":"HttpRequest"},"parameters":{"dataset":"https://deepakdemo.sharepoint.com/","parameters/method":"POST","parameters/uri":"/_api/SPSiteManager/create","parameters/headers":{"accept":"application/json;odata.metadata=none","odata-version":"4.0"},"parameters/body":"{\n  \"request\": {\n    \"Title\": \"Communication Site 3\",\n    \"Url\":\"https://deepakdemo.sharepoint.com/sites/commsite3\",\n    \"Lcid\": 1033,\n    \"ShareByEmailEnabled\":false,\n    \"Classification\":\"Low Business Impact\",\n    \"Description\":\"Description\",\n    \"WebTemplate\":\"SITEPAGEPUBLISHING#0\",\n    \"SiteDesignId\":\"@{body('CreateSiteDesign')?['d']?['CreateSiteDesign']?['Id']}\",\n    \"Owner\":\"deepak@deepakdemo.onmicrosoft.com\",\n    \"WebTemplateExtensionId\":\"00000000-0000-0000-0000-000000000000\"\n  }\n}"},"authentication":{"value":"@json(decodeBase64(triggerOutputs().headers['X-MS-APIM-Tokens']))['$ConnectionKey']","type":"Raw"}}},"ApplySiteDesign":{"runAfter":{"CreateSite":["Succeeded"]},"metadata":{"operationMetadataId":"bcebe22e-b26b-485d-8394-73da70d8588a"},"type":"OpenApiConnection","inputs":{"host":{"apiId":"/providers/Microsoft.PowerApps/apis/shared_sharepointonline","connectionName":"shared_sharepointonline","operationId":"HttpRequest"},"parameters":{"dataset":"https://deepakdemo.sharepoint.com/sites/Test12","parameters/method":"POST","parameters/uri":"/_api/Microsoft.SharePoint.Utilities.WebTemplateExtensions.SiteScriptUtility.AddSiteDesignTaskToCurrentWeb","parameters/body":"{\n'siteDesignId': '@{body('CreateSiteDesign')?['d']?['CreateSiteDesign']?['Id']}'}"},"authentication":{"value":"@json(decodeBase64(triggerOutputs().headers['X-MS-APIM-Tokens']))['$ConnectionKey']","type":"Raw"}}},"Compose_2":{"runAfter":{"Parse_JSON":["Succeeded"]},"metadata":{"operationMetadataId":"5dfdbe4b-2d73-4120-83e9-3ba660526069"},"type":"Compose","inputs":{"$schema":"https://developer.microsoft.com/json-schemas/sp/site-design-script-actions.schema.json","actions":[{"verb":"createSPList","listName":"Department Documents","templateType":101,"subactions":[{"verb":"addSPFieldXml","schemaXml":"<Field ID=\"{08d89a66-4634-42b8-9d5a-0c27395a48b3}\" Type=\"Text\" Name=\"TriggerFlowInfo\" DisplayName=\"Trigger Flow Info\" DisplaceOnUpgrade=\"TRUE\" Hidden=\"TRUE\" ReadOnlyEnforced=\"FALSE\" ReadOnly=\"TRUE\" Required=\"FALSE\" SourceID=\"http://schemas.microsoft.com/sharepoint/v3\" StaticName=\"TriggerFlowInfo\" />"},{"verb":"addContentType","name":"Folder","id":"0x0120"},{"verb":"addSPView","name":"All Documents","viewFields":["DocIcon","LinkFilename","Modified","Editor"],"query":"<OrderBy><FieldRef Name=\"FileLeafRef\" /></OrderBy>","rowLimit":30,"isPaged":true,"makeDefault":true,"addLink":"Department Documents","replaceViewFields":true}]},{"verb":"createSPList","listName":"Employee onboarding","templateType":100,"color":"9","icon":"3","subactions":[{"verb":"setDescription","description":"Manage your new employee's onboarding process from day 1. Share resources and contacts, and get your new hire up-to-speed quickly."},{"verb":"addSPFieldXml","schemaXml":"<Field ID=\"{fa564e0f-0c70-4ab9-b863-0177e6ddd247}\" Type=\"Text\" Name=\"Title\" DisplayName=\"Title\" Required=\"TRUE\" SourceID=\"http://schemas.microsoft.com/sharepoint/v3\" StaticName=\"Title\" FromBaseType=\"TRUE\" MaxLength=\"255\" />"},{"verb":"addSPFieldXml","schemaXml":"<Field ID=\"{67df98f4-9dec-48ff-a553-29bece9c5bf4}\" Type=\"Attachments\" Name=\"Attachments\" DisplayName=\"Relevant files\" SourceID=\"http://schemas.microsoft.com/sharepoint/v3\" StaticName=\"Attachments\" FromBaseType=\"TRUE\" Description=\"Helpful files to support the work\" />"},{"verb":"addSPFieldXml","schemaXml":"<Field ID=\"{96106da8-e8f6-42b8-a32d-42c11683194f}\" DisplayName=\"Description\" Description=\"Notes about the work item\" Name=\"Description\" Format=\"Dropdown\" IsolateStyles=\"FALSE\" RichText=\"FALSE\" AppendOnly=\"FALSE\" RichTextMode=\"Compatible\" Title=\"Description\" Type=\"Note\" StaticName=\"Description\" />"},{"verb":"addSPFieldXml","schemaXml":"<Field ID=\"{1f70b34f-1eca-4775-a667-b8430aa46d43}\" DisplayName=\"Complete by\" Description=\"Due date by when work should be completed\" Name=\"Completeby\" ClientSideComponentId=\"00000000-0000-0000-0000-000000000000\" FillInChoice=\"TRUE\" Format=\"Dropdown\" Title=\"Complete by\" Type=\"Choice\" StaticName=\"CompleteBy\" CustomFormatter=\"{&#xD;&#xA;    &quot;elmType&quot;: &quot;div&quot;,&#xD;&#xA;        &quot;style&quot;: {&#xD;&#xA;        &quot;flex-wrap&quot;: &quot;wrap&quot;,&#xD;&#xA;            &quot;display&quot;: &quot;flex&quot;&#xD;&#xA;    },&#xD;&#xA;    &quot;children&quot;: [{&#xD;&#xA;        &quot;elmType&quot;: &quot;div&quot;,&#xD;&#xA;        &quot;style&quot;: {&#xD;&#xA;            &quot;box-sizing&quot;: &quot;border-box&quot;,&#xD;&#xA;            &quot;padding&quot;: &quot;4px 8px 5px 8px&quot;,&#xD;&#xA;            &quot;display&quot;: &quot;flex&quot;,&#xD;&#xA;            &quot;border-radius&quot;: &quot;16px&quot;,&#xD;&#xA;            &quot;height&quot;: &quot;24px&quot;,&#xD;&#xA;            &quot;align-items&quot;: &quot;center&quot;,&#xD;&#xA;            &quot;white-space&quot;: &quot;nowrap&quot;,&#xD;&#xA;            &quot;overflow&quot;: &quot;hidden&quot;,&#xD;&#xA;            &quot;margin&quot;: &quot;1px 4px 4px 0px&quot;&#xD;&#xA;        },&#xD;&#xA;        &quot;attributes&quot;: {&#xD;&#xA;            &quot;class&quot;: {&#xD;&#xA;                &quot;operator&quot;: &quot;:&quot;,&#xD;&#xA;                &quot;operands&quot;: [{&#xD;&#xA;                    &quot;operator&quot;: &quot;==&quot;,&#xD;&#xA;                    &quot;operands&quot;: [&quot;[$Completeby]&quot;, &quot;Before joining&quot;]&#xD;&#xA;                }, &quot;sp-css-backgroundColor-blueBackground37&quot;, {&#xD;&#xA;                    &quot;operator&quot;: &quot;:&quot;,&#xD;&#xA;                    &quot;operands&quot;: [{&#xD;&#xA;                        &quot;operator&quot;: &quot;==&quot;,&#xD;&#xA;                        &quot;operands&quot;: [&quot;[$Completeby]&quot;, &quot;First day&quot;]&#xD;&#xA;                    }, &quot;sp-css-backgroundColor-successBackground50&quot;, {&#xD;&#xA;                        &quot;operator&quot;: &quot;:&quot;,&#xD;&#xA;                        &quot;operands&quot;: [{&#xD;&#xA;                            &quot;operator&quot;: &quot;==&quot;,&#xD;&#xA;                            &quot;operands&quot;: [&quot;[$Completeby]&quot;, &quot;Week 1&quot;]&#xD;&#xA;                        }, &quot;sp-css-backgroundColor-warningBackground50&quot;, {&#xD;&#xA;                            &quot;operator&quot;: &quot;:&quot;,&#xD;&#xA;                            &quot;operands&quot;: [{&#xD;&#xA;                                &quot;operator&quot;: &quot;==&quot;,&#xD;&#xA;                                &quot;operands&quot;: [&quot;[$Completeby]&quot;, &quot;After 30 days&quot;]&#xD;&#xA;                            }, &quot;sp-css-backgroundColor-blockingBackground&quot;, {&#xD;&#xA;                                &quot;operator&quot;: &quot;:&quot;,&#xD;&#xA;                                &quot;operands&quot;: [{&#xD;&#xA;                                    &quot;operator&quot;: &quot;==&quot;,&#xD;&#xA;                                    &quot;operands&quot;: [&quot;[$Completeby]&quot;, &quot;After 60 days&quot;]&#xD;&#xA;                                }, &quot;sp-css-backgroundColor-errorBackground&quot;, {&#xD;&#xA;                                    &quot;operator&quot;: &quot;:&quot;,&#xD;&#xA;                                    &quot;operands&quot;: [{&#xD;&#xA;                                        &quot;operator&quot;: &quot;==&quot;,&#xD;&#xA;                                        &quot;operands&quot;: [&quot;[$Completeby]&quot;, &quot;After 90 days&quot;]&#xD;&#xA;                                    }, &quot;sp-css-backgroundColor-blueBackground27&quot;, &quot;&quot;]&#xD;&#xA;                                }]&#xD;&#xA;                            }]&#xD;&#xA;                        }]&#xD;&#xA;                    }]&#xD;&#xA;                }]&#xD;&#xA;            }&#xD;&#xA;        },&#xD;&#xA;        &quot;children&quot;: [{&#xD;&#xA;            &quot;elmType&quot;: &quot;span&quot;,&#xD;&#xA;            &quot;style&quot;: {&#xD;&#xA;                &quot;line-height&quot;: &quot;16px&quot;,&#xD;&#xA;                &quot;height&quot;: &quot;14px&quot;&#xD;&#xA;            },&#xD;&#xA;            &quot;attributes&quot;: {&#xD;&#xA;                &quot;iconName&quot;: {&#xD;&#xA;                    &quot;operator&quot;: &quot;:&quot;,&#xD;&#xA;                    &quot;operands&quot;: [{&#xD;&#xA;                        &quot;operator&quot;: &quot;==&quot;,&#xD;&#xA;                        &quot;operands&quot;: [&quot;[$Completeby]&quot;, &quot;Before joining&quot;]&#xD;&#xA;                    }, &quot;&quot;, {&#xD;&#xA;                        &quot;operator&quot;: &quot;:&quot;,&#xD;&#xA;                        &quot;operands&quot;: [{&#xD;&#xA;                            &quot;operator&quot;: &quot;==&quot;,&#xD;&#xA;                            &quot;operands&quot;: [&quot;[$Completeby]&quot;, &quot;First day&quot;]&#xD;&#xA;                        }, &quot;&quot;, {&#xD;&#xA;                            &quot;operator&quot;: &quot;:&quot;,&#xD;&#xA;                            &quot;operands&quot;: [{&#xD;&#xA;                                &quot;operator&quot;: &quot;==&quot;,&#xD;&#xA;                                &quot;operands&quot;: [&quot;[$Completeby]&quot;, &quot;Week 1&quot;]&#xD;&#xA;                            }, &quot;&quot;, {&#xD;&#xA;                                &quot;operator&quot;: &quot;:&quot;,&#xD;&#xA;                                &quot;operands&quot;: [{&#xD;&#xA;                                    &quot;operator&quot;: &quot;==&quot;,&#xD;&#xA;                                    &quot;operands&quot;: [&quot;[$Completeby]&quot;, &quot;After 30 days&quot;]&#xD;&#xA;                                }, &quot;&quot;, {&#xD;&#xA;                                    &quot;operator&quot;: &quot;:&quot;,&#xD;&#xA;                                    &quot;operands&quot;: [{&#xD;&#xA;                                        &quot;operator&quot;: &quot;==&quot;,&#xD;&#xA;                                        &quot;operands&quot;: [&quot;[$Completeby]&quot;, &quot;After 60 days&quot;]&#xD;&#xA;                                    }, &quot;&quot;, {&#xD;&#xA;                                        &quot;operator&quot;: &quot;:&quot;,&#xD;&#xA;                                        &quot;operands&quot;: [{&#xD;&#xA;                                            &quot;operator&quot;: &quot;==&quot;,&#xD;&#xA;                                            &quot;operands&quot;: [&quot;[$Completeby]&quot;, &quot;After 90 days&quot;]&#xD;&#xA;                                        }, &quot;&quot;, &quot;&quot;]&#xD;&#xA;                                    }]&#xD;&#xA;                                }]&#xD;&#xA;                            }]&#xD;&#xA;                        }]&#xD;&#xA;                    }]&#xD;&#xA;                }&#xD;&#xA;            }&#xD;&#xA;        }, {&#xD;&#xA;            &quot;elmType&quot;: &quot;span&quot;,&#xD;&#xA;            &quot;style&quot;: {&#xD;&#xA;                &quot;overflow&quot;: &quot;hidden&quot;,&#xD;&#xA;                &quot;text-overflow&quot;: &quot;ellipsis&quot;,&#xD;&#xA;                &quot;padding&quot;: &quot;0 3px&quot;&#xD;&#xA;            },&#xD;&#xA;            &quot;txtContent&quot;: &quot;[$Completeby]&quot;,&#xD;&#xA;            &quot;attributes&quot;: {&#xD;&#xA;                &quot;class&quot;: {&#xD;&#xA;                    &quot;operator&quot;: &quot;:&quot;,&#xD;&#xA;                    &quot;operands&quot;: [{&#xD;&#xA;                        &quot;operator&quot;: &quot;==&quot;,&#xD;&#xA;                        &quot;operands&quot;: [&quot;[$Completeby]&quot;, &quot;Before joining&quot;]&#xD;&#xA;                    }, &quot;&quot;, {&#xD;&#xA;                        &quot;operator&quot;: &quot;:&quot;,&#xD;&#xA;                        &quot;operands&quot;: [{&#xD;&#xA;                            &quot;operator&quot;: &quot;==&quot;,&#xD;&#xA;                            &quot;operands&quot;: [&quot;[$Completeby]&quot;, &quot;First day&quot;]&#xD;&#xA;                        }, &quot;&quot;, {&#xD;&#xA;                            &quot;operator&quot;: &quot;:&quot;,&#xD;&#xA;                            &quot;operands&quot;: [{&#xD;&#xA;                                &quot;operator&quot;: &quot;==&quot;,&#xD;&#xA;                                &quot;operands&quot;: [&quot;[$Completeby]&quot;, &quot;Week 1&quot;]&#xD;&#xA;                            }, &quot;&quot;, {&#xD;&#xA;                                &quot;operator&quot;: &quot;:&quot;,&#xD;&#xA;                                &quot;operands&quot;: [{&#xD;&#xA;                                    &quot;operator&quot;: &quot;==&quot;,&#xD;&#xA;                                    &quot;operands&quot;: [&quot;[$Completeby]&quot;, &quot;After 30 days&quot;]&#xD;&#xA;                                }, &quot;&quot;, {&#xD;&#xA;                                    &quot;operator&quot;: &quot;:&quot;,&#xD;&#xA;                                    &quot;operands&quot;: [{&#xD;&#xA;                                        &quot;operator&quot;: &quot;==&quot;,&#xD;&#xA;                                        &quot;operands&quot;: [&quot;[$Completeby]&quot;, &quot;After 60 days&quot;]&#xD;&#xA;                                    }, &quot;&quot;, {&#xD;&#xA;                                        &quot;operator&quot;: &quot;:&quot;,&#xD;&#xA;                                        &quot;operands&quot;: [{&#xD;&#xA;                                            &quot;operator&quot;: &quot;==&quot;,&#xD;&#xA;                                            &quot;operands&quot;: [&quot;[$Completeby]&quot;, &quot;After 90 days&quot;]&#xD;&#xA;                                        }, &quot;&quot;, &quot;&quot;]&#xD;&#xA;                                    }]&#xD;&#xA;                                }]&#xD;&#xA;                            }]&#xD;&#xA;                        }]&#xD;&#xA;                    }]&#xD;&#xA;                }&#xD;&#xA;            }&#xD;&#xA;        }]&#xD;&#xA;    }],&#xD;&#xA;        &quot;templateId&quot;: &quot;BgColorChoicePill&quot;&#xD;&#xA;}\"><CHOICES><CHOICE>Before joining</CHOICE><CHOICE>First day</CHOICE><CHOICE>Week 1</CHOICE><CHOICE>After 30 days</CHOICE><CHOICE>After 60 days</CHOICE><CHOICE>After 90 days</CHOICE></CHOICES></Field>"},{"verb":"addSPFieldXml","schemaXml":"<Field ID=\"{6d50d83a-1fff-4088-87de-54484167ebfa}\" DisplayName=\"Complete?\" Description=\"Mark as yes, if work is completed\" Name=\"Complete\" ClientSideComponentId=\"00000000-0000-0000-0000-000000000000\" Format=\"Dropdown\" Title=\"Complete\" Type=\"Boolean\" StaticName=\"Complete\"><Default>0</Default></Field>"},{"verb":"addSPFieldXml","schemaXml":"<Field ID=\"{983050de-addc-42e7-8270-283684ef82b7}\" DisplayName=\"Completed On\" Description=\"Date on which work was completed\" ClientSideComponentId=\"00000000-0000-0000-0000-000000000000\" FriendlyDisplayFormat=\"Disabled\" Format=\"DateOnly\" Name=\"Completedon\" Title=\"Completed on\" Type=\"DateTime\" StaticName=\"Completedon\" />"},{"verb":"addSPFieldXml","schemaXml":"<Field ID=\"{22551daf-d2b9-4c3d-b42a-912eed7f1613}\" DisplayName=\"Mentor\" Description=\"Point of contact to help with the work item\" Name=\"Mentor\" Format=\"Dropdown\" List=\"UserInfo\" Title=\"Mentor\" Type=\"User\" UserSelectionMode=\"0\" UserSelectionScope=\"0\" StaticName=\"Mentor\" UserDisplayOptions=\"NamePhoto\" />"},{"verb":"addSPFieldXml","schemaXml":"<Field ID=\"{7e3e8015-7ece-4e56-81e8-25a574a3cda3}\" DisplayName=\"Relevant link\" Description=\"Helpful link to support the work\" Name=\"Relevantlink\" ClientSideComponentId=\"00000000-0000-0000-0000-000000000000\" Format=\"Hyperlink\" Title=\"Relevant Link\" Type=\"URL\" StaticName=\"RelevantLink\" />"},{"verb":"addSPFieldXml","schemaXml":"<Field ID=\"{82642ec8-ef9b-478f-acf9-31f7d45fbc31}\" DisplayName=\"Work\" Description=\"Work item that needs to be performed\" Name=\"LinkTitle\" SourceID=\"http://schemas.microsoft.com/sharepoint/v3\" StaticName=\"LinkTitle\" Type=\"Computed\" ReadOnly=\"TRUE\" FromBaseType=\"TRUE\" Width=\"150\" DisplayNameSrcField=\"Title\" Sealed=\"FALSE\"><FieldRefs><FieldRef Name=\"Title\" /><FieldRef Name=\"LinkTitleNoMenu\" /><FieldRef Name=\"_EditMenuTableStart2\" /><FieldRef Name=\"_EditMenuTableEnd\" /></FieldRefs><DisplayPattern><FieldSwitch><Expr><GetVar Name=\"FreeForm\" /></Expr><Case Value=\"TRUE\"><Field Name=\"LinkTitleNoMenu\" /></Case><Default><HTML><![CDATA[<div class=\"ms-vb itx\" onmouseover=\"OnItem(this)\" CTXName=\"ctx]]></HTML><Field Name=\"_EditMenuTableStart2\" /><HTML><![CDATA[\">]]></HTML><Field Name=\"LinkTitleNoMenu\" /><HTML><![CDATA[</div>]]></HTML><HTML><![CDATA[<div class=\"s4-ctx\" onmouseover=\"OnChildItem(this.parentNode); return false;\">]]></HTML><HTML><![CDATA[<span>&nbsp;</span>]]></HTML><HTML><![CDATA[<a onfocus=\"OnChildItem(this.parentNode.parentNode); return false;\" onclick=\"PopMenuFromChevron(event); return false;\" href=\"javascript:;\" title=\"Open Menu\"></a>]]></HTML><HTML><![CDATA[<span>&nbsp;</span>]]></HTML><HTML><![CDATA[</div>]]></HTML></Default></FieldSwitch></DisplayPattern></Field>"},{"verb":"addContentType","name":"Item","id":"0x01","fieldRefsXml":["<FieldRef ID=\"{fa564e0f-0c70-4ab9-b863-0177e6ddd247}\" Name=\"Title\" />","<FieldRef ID=\"{82642ec8-ef9b-478f-acf9-31f7d45fbc31}\" Name=\"LinkTitle\" DisplayName=\"Work\" ReadOnly=\"TRUE\" />","<FieldRef ID=\"{96106da8-e8f6-42b8-a32d-42c11683194f}\" Name=\"Description\" />","<FieldRef ID=\"{1f70b34f-1eca-4775-a667-b8430aa46d43}\" Name=\"Completeby\" />","<FieldRef ID=\"{6d50d83a-1fff-4088-87de-54484167ebfa}\" Name=\"Complete\" />","<FieldRef ID=\"{983050de-addc-42e7-8270-283684ef82b7}\" Name=\"Completedon\" />","<FieldRef ID=\"{22551daf-d2b9-4c3d-b42a-912eed7f1613}\" Name=\"Mentor\" />","<FieldRef ID=\"{7e3e8015-7ece-4e56-81e8-25a574a3cda3}\" Name=\"Relevantlink\" />","<FieldRef ID=\"{67df98f4-9dec-48ff-a553-29bece9c5bf4}\" Name=\"Attachments\" />"]},{"verb":"addContentType","name":"Folder","id":"0x0120"},{"verb":"addSPView","name":"All Items","viewFields":["LinkTitle","Description","Completeby","Complete","Completedon","Mentor","Relevantlink","Attachments"],"query":"","rowLimit":30,"isPaged":true,"makeDefault":true,"formatterJSON":"{&#xD;&#xA;    &quot;additionalRowClass&quot;: {&#xD;&#xA;        &quot;operator&quot;: &quot;:&quot;,&#xD;&#xA;            &quot;operands&quot;: [{&#xD;&#xA;                &quot;operator&quot;: &quot;==&quot;,&#xD;&#xA;                &quot;operands&quot;: [{&#xD;&#xA;                    &quot;operator&quot;: &quot;%&quot;,&#xD;&#xA;                    &quot;operands&quot;: [&quot;@rowIndex&quot;, 2]&#xD;&#xA;                }, 0]&#xD;&#xA;            }, &quot;sp-css-backgroundColor-neutralBackground&quot;, {&#xD;&#xA;                &quot;operator&quot;: &quot;:&quot;,&#xD;&#xA;                &quot;operands&quot;: [{&#xD;&#xA;                    &quot;operator&quot;: &quot;==&quot;,&#xD;&#xA;                    &quot;operands&quot;: [{&#xD;&#xA;                        &quot;operator&quot;: &quot;%&quot;,&#xD;&#xA;                        &quot;operands&quot;: [&quot;@rowIndex&quot;, 2]&#xD;&#xA;                    }, 1]&#xD;&#xA;                }, &quot;sp-css-backgroundColor-noFill&quot;, &quot;&quot;]&#xD;&#xA;            }]&#xD;&#xA;    },&#xD;&#xA;    &quot;rowClassTemplateId&quot;: &quot;BgColorAlternateRows&quot;&#xD;&#xA;}","replaceViewFields":true},{"verb":"addSPView","name":"Group work by completed by date","viewFields":["LinkTitle","Description","Completeby","Complete","Completedon","Mentor","Relevantlink","Attachments"],"query":"<GroupBy Collapse=\"FALSE\" GroupLimit=\"30\"><FieldRef Name=\"Completeby\" /></GroupBy>","rowLimit":30,"isPaged":true,"replaceViewFields":true},{"verb":"addSPView","name":"Group work by completion status","viewFields":["LinkTitle","Description","Completeby","Complete","Completedon","Mentor","Relevantlink","Attachments"],"query":"<GroupBy Collapse=\"FALSE\" GroupLimit=\"30\"><FieldRef Name=\"Complete\" /></GroupBy>","rowLimit":30,"isPaged":true,"replaceViewFields":true},{"verb":"addSPView","name":"Work to be completed","viewFields":["LinkTitle","Description","Completeby","Complete","Completedon","Mentor","Relevantlink","Attachments"],"query":"<Where><Eq><FieldRef Name=\"Complete\" /><Value Type=\"Boolean\">0</Value></Eq></Where>","rowLimit":30,"isPaged":true,"replaceViewFields":true}]},{"verb":"createSPList","listName":"Issue tracker","templateType":100,"color":"2","icon":"0","subactions":[{"verb":"addSPFieldXml","schemaXml":"<Field ID=\"{fa564e0f-0c70-4ab9-b863-0177e6ddd247}\" Type=\"Text\" Name=\"Title\" DisplayName=\"Title\" Required=\"TRUE\" SourceID=\"http://schemas.microsoft.com/sharepoint/v3\" StaticName=\"Title\" FromBaseType=\"TRUE\" MaxLength=\"255\" />"},{"verb":"addSPFieldXml","schemaXml":"<Field ID=\"{67df98f4-9dec-48ff-a553-29bece9c5bf4}\" Type=\"Attachments\" Name=\"Attachments\" DisplayName=\"Associated files\" SourceID=\"http://schemas.microsoft.com/sharepoint/v3\" StaticName=\"Attachments\" FromBaseType=\"TRUE\" Description=\"Any other files associated with the issue\" />"},{"verb":"addSPFieldXml","schemaXml":"<Field ID=\"{8f6b0ce0-2e04-40a1-88b8-db183e4f7033}\" DisplayName=\"Issue description\" Description=\"Describe the issue\" Name=\"Description\" AppendOnly=\"FALSE\" ClientSideComponentId=\"00000000-0000-0000-0000-000000000000\" Format=\"Dropdown\" IsolateStyles=\"FALSE\" NumLines=\"6\" RichText=\"FALSE\" RichTextMode=\"Compatible\" Title=\"Description\" Type=\"Note\" StaticName=\"Description\" />"},{"verb":"addSPFieldXml","schemaXml":"<Field ID=\"{8a92eec2-4079-48df-a26a-84ca3426032b}\" DisplayName=\"Priority\" Description=\"Add the priority of this issue\" Name=\"Priority\" CustomFormatter=\"{&#xD;&#xA;    &quot;elmType&quot;: &quot;div&quot;,&#xD;&#xA;    &quot;style&quot;: {&#xD;&#xA;      &quot;flex-wrap&quot;: &quot;wrap&quot;,&#xD;&#xA;      &quot;display&quot;: &quot;flex&quot;&#xD;&#xA;    },&#xD;&#xA;    &quot;children&quot;: [&#xD;&#xA;      {&#xD;&#xA;        &quot;elmType&quot;: &quot;div&quot;,&#xD;&#xA;        &quot;style&quot;: {&#xD;&#xA;          &quot;box-sizing&quot;: &quot;border-box&quot;,&#xD;&#xA;          &quot;padding&quot;: &quot;4px 8px 5px 8px&quot;,&#xD;&#xA;          &quot;display&quot;: &quot;flex&quot;,&#xD;&#xA;          &quot;border-radius&quot;: &quot;16px&quot;,&#xD;&#xA;          &quot;height&quot;: &quot;24px&quot;,&#xD;&#xA;          &quot;align-items&quot;: &quot;center&quot;,&#xD;&#xA;          &quot;white-space&quot;: &quot;nowrap&quot;,&#xD;&#xA;          &quot;overflow&quot;: &quot;hidden&quot;,&#xD;&#xA;          &quot;margin&quot;: &quot;4px 4px 4px 4px&quot;&#xD;&#xA;        },&#xD;&#xA;        &quot;attributes&quot;: {&#xD;&#xA;          &quot;class&quot;: {&#xD;&#xA;            &quot;operator&quot;: &quot;:&quot;,&#xD;&#xA;            &quot;operands&quot;: [&#xD;&#xA;              {&#xD;&#xA;                &quot;operator&quot;: &quot;==&quot;,&#xD;&#xA;                &quot;operands&quot;: [&#xD;&#xA;                  &quot;[$Priority]&quot;,&#xD;&#xA;                  &quot;Critical&quot;&#xD;&#xA;                ]&#xD;&#xA;              },&#xD;&#xA;              &quot;sp-field-borderAllRegular sp-field-borderAllSolid sp-css-borderColor-neutralPrimary&quot;,&#xD;&#xA;              {&#xD;&#xA;                &quot;operator&quot;: &quot;:&quot;,&#xD;&#xA;                &quot;operands&quot;: [&#xD;&#xA;                  {&#xD;&#xA;                    &quot;operator&quot;: &quot;==&quot;,&#xD;&#xA;                    &quot;operands&quot;: [&#xD;&#xA;                      &quot;[$Priority]&quot;,&#xD;&#xA;                      &quot;High&quot;&#xD;&#xA;                    ]&#xD;&#xA;                  },&#xD;&#xA;                  &quot;sp-field-borderAllRegular sp-field-borderAllSolid sp-css-borderColor-neutralPrimary&quot;,&#xD;&#xA;                  {&#xD;&#xA;                    &quot;operator&quot;: &quot;:&quot;,&#xD;&#xA;                    &quot;operands&quot;: [&#xD;&#xA;                      {&#xD;&#xA;                        &quot;operator&quot;: &quot;==&quot;,&#xD;&#xA;                        &quot;operands&quot;: [&#xD;&#xA;                          &quot;[$Priority]&quot;,&#xD;&#xA;                          &quot;Normal&quot;&#xD;&#xA;                        ]&#xD;&#xA;                      },&#xD;&#xA;                      &quot;sp-field-borderAllRegular sp-field-borderAllSolid sp-css-borderColor-neutralPrimary&quot;,&#xD;&#xA;                      {&#xD;&#xA;                        &quot;operator&quot;: &quot;:&quot;,&#xD;&#xA;                        &quot;operands&quot;: [&#xD;&#xA;                          {&#xD;&#xA;                            &quot;operator&quot;: &quot;==&quot;,&#xD;&#xA;                            &quot;operands&quot;: [&#xD;&#xA;                              &quot;[$Priority]&quot;,&#xD;&#xA;                              &quot;Low&quot;&#xD;&#xA;                            ]&#xD;&#xA;                          },&#xD;&#xA;                          &quot;sp-field-borderAllRegular sp-field-borderAllSolid sp-css-borderColor-neutralPrimary&quot;,&#xD;&#xA;                          {&#xD;&#xA;                            &quot;operator&quot;: &quot;:&quot;,&#xD;&#xA;                            &quot;operands&quot;: [&#xD;&#xA;                              {&#xD;&#xA;                                &quot;operator&quot;: &quot;==&quot;,&#xD;&#xA;                                &quot;operands&quot;: [&#xD;&#xA;                                  &quot;[$Priority]&quot;,&#xD;&#xA;                                  &quot;&quot;&#xD;&#xA;                                ]&#xD;&#xA;                              },&#xD;&#xA;                              &quot;&quot;,&#xD;&#xA;                              &quot;sp-field-borderAllRegular sp-field-borderAllSolid sp-css-borderColor-neutralPrimary&quot;&#xD;&#xA;                            ]&#xD;&#xA;                          }&#xD;&#xA;                        ]&#xD;&#xA;                      }&#xD;&#xA;                    ]&#xD;&#xA;                  }&#xD;&#xA;                ]&#xD;&#xA;              }&#xD;&#xA;            ]&#xD;&#xA;          }&#xD;&#xA;        },&#xD;&#xA;        &quot;children&quot;: [&#xD;&#xA;          {&#xD;&#xA;            &quot;elmType&quot;: &quot;span&quot;,&#xD;&#xA;            &quot;style&quot;: {&#xD;&#xA;              &quot;line-height&quot;: &quot;16px&quot;,&#xD;&#xA;              &quot;height&quot;: &quot;14px&quot;&#xD;&#xA;            },&#xD;&#xA;            &quot;attributes&quot;: {&#xD;&#xA;              &quot;iconName&quot;: {&#xD;&#xA;                &quot;operator&quot;: &quot;:&quot;,&#xD;&#xA;                &quot;operands&quot;: [&#xD;&#xA;                  {&#xD;&#xA;                    &quot;operator&quot;: &quot;==&quot;,&#xD;&#xA;                    &quot;operands&quot;: [&#xD;&#xA;                      &quot;[$Priority]&quot;,&#xD;&#xA;                      &quot;Critical&quot;&#xD;&#xA;                    ]&#xD;&#xA;                  },&#xD;&#xA;                  &quot;ErrorBadge&quot;,&#xD;&#xA;                  {&#xD;&#xA;                    &quot;operator&quot;: &quot;:&quot;,&#xD;&#xA;                    &quot;operands&quot;: [&#xD;&#xA;                      {&#xD;&#xA;                        &quot;operator&quot;: &quot;==&quot;,&#xD;&#xA;                        &quot;operands&quot;: [&#xD;&#xA;                          &quot;[$Priority]&quot;,&#xD;&#xA;                          &quot;High&quot;&#xD;&#xA;                        ]&#xD;&#xA;                      },&#xD;&#xA;                      &quot;SortUp&quot;,&#xD;&#xA;                      {&#xD;&#xA;                        &quot;operator&quot;: &quot;:&quot;,&#xD;&#xA;                        &quot;operands&quot;: [&#xD;&#xA;                          {&#xD;&#xA;                            &quot;operator&quot;: &quot;==&quot;,&#xD;&#xA;                            &quot;operands&quot;: [&#xD;&#xA;                              &quot;[$Priority]&quot;,&#xD;&#xA;                              &quot;Normal&quot;&#xD;&#xA;                            ]&#xD;&#xA;                          },&#xD;&#xA;                          &quot;&quot;,&#xD;&#xA;                          {&#xD;&#xA;                            &quot;operator&quot;: &quot;:&quot;,&#xD;&#xA;                            &quot;operands&quot;: [&#xD;&#xA;                              {&#xD;&#xA;                                &quot;operator&quot;: &quot;==&quot;,&#xD;&#xA;                                &quot;operands&quot;: [&#xD;&#xA;                                  &quot;[$Priority]&quot;,&#xD;&#xA;                                  &quot;Low&quot;&#xD;&#xA;                                ]&#xD;&#xA;                              },&#xD;&#xA;                              &quot;SortDown&quot;,&#xD;&#xA;                              {&#xD;&#xA;                                &quot;operator&quot;: &quot;:&quot;,&#xD;&#xA;                                &quot;operands&quot;: [&#xD;&#xA;                                  {&#xD;&#xA;                                    &quot;operator&quot;: &quot;==&quot;,&#xD;&#xA;                                    &quot;operands&quot;: [&#xD;&#xA;                                      &quot;[$Priority]&quot;,&#xD;&#xA;                                      &quot;&quot;&#xD;&#xA;                                    ]&#xD;&#xA;                                  },&#xD;&#xA;                                  &quot;&quot;,&#xD;&#xA;                                  &quot;&quot;&#xD;&#xA;                                ]&#xD;&#xA;                              }&#xD;&#xA;                            ]&#xD;&#xA;                          }&#xD;&#xA;                        ]&#xD;&#xA;                      }&#xD;&#xA;                    ]&#xD;&#xA;                  }&#xD;&#xA;                ]&#xD;&#xA;              }&#xD;&#xA;            }&#xD;&#xA;          },&#xD;&#xA;          {&#xD;&#xA;            &quot;elmType&quot;: &quot;span&quot;,&#xD;&#xA;            &quot;style&quot;: {&#xD;&#xA;              &quot;overflow&quot;: &quot;hidden&quot;,&#xD;&#xA;              &quot;text-overflow&quot;: &quot;ellipsis&quot;,&#xD;&#xA;              &quot;padding&quot;: &quot;0 3px&quot;&#xD;&#xA;            },&#xD;&#xA;            &quot;txtContent&quot;: &quot;[$Priority]&quot;,&#xD;&#xA;            &quot;attributes&quot;: {&#xD;&#xA;              &quot;class&quot;: {&#xD;&#xA;                &quot;operator&quot;: &quot;:&quot;,&#xD;&#xA;                &quot;operands&quot;: [&#xD;&#xA;                  {&#xD;&#xA;                    &quot;operator&quot;: &quot;==&quot;,&#xD;&#xA;                    &quot;operands&quot;: [&#xD;&#xA;                      &quot;[$Priority]&quot;,&#xD;&#xA;                      &quot;Critical&quot;&#xD;&#xA;                    ]&#xD;&#xA;                  },&#xD;&#xA;                  &quot;&quot;,&#xD;&#xA;                  {&#xD;&#xA;                    &quot;operator&quot;: &quot;:&quot;,&#xD;&#xA;                    &quot;operands&quot;: [&#xD;&#xA;                      {&#xD;&#xA;                        &quot;operator&quot;: &quot;==&quot;,&#xD;&#xA;                        &quot;operands&quot;: [&#xD;&#xA;                          &quot;[$Priority]&quot;,&#xD;&#xA;                          &quot;High&quot;&#xD;&#xA;                        ]&#xD;&#xA;                      },&#xD;&#xA;                      &quot;&quot;,&#xD;&#xA;                      {&#xD;&#xA;                        &quot;operator&quot;: &quot;:&quot;,&#xD;&#xA;                        &quot;operands&quot;: [&#xD;&#xA;                          {&#xD;&#xA;                            &quot;operator&quot;: &quot;==&quot;,&#xD;&#xA;                            &quot;operands&quot;: [&#xD;&#xA;                              &quot;[$Priority]&quot;,&#xD;&#xA;                              &quot;Normal&quot;&#xD;&#xA;                            ]&#xD;&#xA;                          },&#xD;&#xA;                          &quot;&quot;,&#xD;&#xA;                          {&#xD;&#xA;                            &quot;operator&quot;: &quot;:&quot;,&#xD;&#xA;                            &quot;operands&quot;: [&#xD;&#xA;                              {&#xD;&#xA;                                &quot;operator&quot;: &quot;==&quot;,&#xD;&#xA;                                &quot;operands&quot;: [&#xD;&#xA;                                  &quot;[$Priority]&quot;,&#xD;&#xA;                                  &quot;Low&quot;&#xD;&#xA;                                ]&#xD;&#xA;                              },&#xD;&#xA;                              &quot;&quot;,&#xD;&#xA;                              {&#xD;&#xA;                                &quot;operator&quot;: &quot;:&quot;,&#xD;&#xA;                                &quot;operands&quot;: [&#xD;&#xA;                                  {&#xD;&#xA;                                    &quot;operator&quot;: &quot;==&quot;,&#xD;&#xA;                                    &quot;operands&quot;: [&#xD;&#xA;                                      &quot;[$Priority]&quot;,&#xD;&#xA;                                      &quot;&quot;&#xD;&#xA;                                    ]&#xD;&#xA;                                  },&#xD;&#xA;                                  &quot;&quot;,&#xD;&#xA;                                  &quot;&quot;&#xD;&#xA;                                ]&#xD;&#xA;                              }&#xD;&#xA;                            ]&#xD;&#xA;                          }&#xD;&#xA;                        ]&#xD;&#xA;                      }&#xD;&#xA;                    ]&#xD;&#xA;                  }&#xD;&#xA;                ]&#xD;&#xA;              }&#xD;&#xA;            }&#xD;&#xA;          }&#xD;&#xA;        ]&#xD;&#xA;      }&#xD;&#xA;    ]&#xD;&#xA;  }\" ClientSideComponentId=\"00000000-0000-0000-0000-000000000000\" FillInChoice=\"FALSE\" Format=\"Dropdown\" Title=\"Priority\" Type=\"Choice\" StaticName=\"Priority\"><CHOICES><CHOICE>Critical</CHOICE><CHOICE>High</CHOICE><CHOICE>Normal</CHOICE><CHOICE>Low</CHOICE></CHOICES></Field>"},{"verb":"addSPFieldXml","schemaXml":"<Field ID=\"{4c66e88e-aadb-4b83-a2fa-e6b8b65a6bb5}\" DisplayName=\"Status\" Description=\"Status of the issue\" Name=\"Status\" ClientSideComponentId=\"00000000-0000-0000-0000-000000000000\" FillInChoice=\"TRUE\" Format=\"Dropdown\" Title=\"Status\" Type=\"Choice\" StaticName=\"Status\" CustomFormatter=\"{&#xD;&#xA;    &quot;elmType&quot;: &quot;div&quot;,&#xD;&#xA;        &quot;children&quot;: [{&#xD;&#xA;            &quot;elmType&quot;: &quot;div&quot;,&#xD;&#xA;            &quot;style&quot;: {&#xD;&#xA;                &quot;box-sizing&quot;: &quot;border-box&quot;,&#xD;&#xA;                &quot;padding&quot;: &quot;4px 8px 5px 8px&quot;,&#xD;&#xA;                &quot;display&quot;: &quot;flex&quot;,&#xD;&#xA;                &quot;border-radius&quot;: &quot;16px&quot;,&#xD;&#xA;                &quot;min-height&quot;: &quot;24px&quot;,&#xD;&#xA;                &quot;align-items&quot;: &quot;center&quot;,&#xD;&#xA;                &quot;white-space&quot;: &quot;nowrap&quot;,&#xD;&#xA;                &quot;overflow&quot;: &quot;hidden&quot;,&#xD;&#xA;                &quot;margin-right&quot;: &quot;4px&quot;&#xD;&#xA;            },&#xD;&#xA;            &quot;attributes&quot;: {&#xD;&#xA;                &quot;class&quot;: {&#xD;&#xA;                    &quot;operator&quot;: &quot;:&quot;,&#xD;&#xA;                    &quot;operands&quot;: [{&#xD;&#xA;                        &quot;operator&quot;: &quot;==&quot;,&#xD;&#xA;                        &quot;operands&quot;: [{&#xD;&#xA;                            &quot;operator&quot;: &quot;toLowerCase&quot;,&#xD;&#xA;                            &quot;operands&quot;: [&quot;[$Status]&quot;]&#xD;&#xA;                        }, {&#xD;&#xA;                            &quot;operator&quot;: &quot;toLowerCase&quot;,&#xD;&#xA;                            &quot;operands&quot;: [&quot;Blocked&quot;]&#xD;&#xA;                        }]&#xD;&#xA;                    }, &quot;sp-css-backgroundColor-errorBackground50&quot;, {&#xD;&#xA;                        &quot;operator&quot;: &quot;:&quot;,&#xD;&#xA;                        &quot;operands&quot;: [{&#xD;&#xA;                            &quot;operator&quot;: &quot;==&quot;,&#xD;&#xA;                            &quot;operands&quot;: [{&#xD;&#xA;                                &quot;operator&quot;: &quot;toLowerCase&quot;,&#xD;&#xA;                                &quot;operands&quot;: [&quot;[$Status]&quot;]&#xD;&#xA;                            }, {&#xD;&#xA;                                &quot;operator&quot;: &quot;toLowerCase&quot;,&#xD;&#xA;                                &quot;operands&quot;: [&quot;In progress&quot;]&#xD;&#xA;                            }]&#xD;&#xA;                        }, &quot;sp-css-backgroundColor-neutralBackground10&quot;, {&#xD;&#xA;                            &quot;operator&quot;: &quot;:&quot;,&#xD;&#xA;                            &quot;operands&quot;: [{&#xD;&#xA;                                &quot;operator&quot;: &quot;==&quot;,&#xD;&#xA;                                &quot;operands&quot;: [{&#xD;&#xA;                                    &quot;operator&quot;: &quot;toLowerCase&quot;,&#xD;&#xA;                                    &quot;operands&quot;: [&quot;[$Status]&quot;]&#xD;&#xA;                                }, {&#xD;&#xA;                                    &quot;operator&quot;: &quot;toLowerCase&quot;,&#xD;&#xA;                                    &quot;operands&quot;: [&quot;Completed&quot;]&#xD;&#xA;                                }]&#xD;&#xA;                            }, &quot;sp-css-backgroundColor-successBackground40&quot;, {&#xD;&#xA;                                &quot;operator&quot;: &quot;:&quot;,&#xD;&#xA;                                &quot;operands&quot;: [{&#xD;&#xA;                                    &quot;operator&quot;: &quot;==&quot;,&#xD;&#xA;                                    &quot;operands&quot;: [{&#xD;&#xA;                                        &quot;operator&quot;: &quot;toLowerCase&quot;,&#xD;&#xA;                                        &quot;operands&quot;: [&quot;[$Status]&quot;]&#xD;&#xA;                                    }, {&#xD;&#xA;                                        &quot;operator&quot;: &quot;toLowerCase&quot;,&#xD;&#xA;                                        &quot;operands&quot;: [&quot;Duplicate&quot;]&#xD;&#xA;                                    }]&#xD;&#xA;                                }, &quot;sp-css-backgroundColor-warningBackground50&quot;, {&#xD;&#xA;                                    &quot;operator&quot;: &quot;:&quot;,&#xD;&#xA;                                    &quot;operands&quot;: [{&#xD;&#xA;                                        &quot;operator&quot;: &quot;==&quot;,&#xD;&#xA;                                        &quot;operands&quot;: [{&#xD;&#xA;                                            &quot;operator&quot;: &quot;toLowerCase&quot;,&#xD;&#xA;                                            &quot;operands&quot;: [&quot;[$Status]&quot;]&#xD;&#xA;                                        }, {&#xD;&#xA;                                            &quot;operator&quot;: &quot;toLowerCase&quot;,&#xD;&#xA;                                            &quot;operands&quot;: [&quot;By design&quot;]&#xD;&#xA;                                        }]&#xD;&#xA;                                    }, &quot;sp-css-backgroundColor-blueBackground07&quot;, {&#xD;&#xA;                                        &quot;operator&quot;: &quot;:&quot;,&#xD;&#xA;                                        &quot;operands&quot;: [{&#xD;&#xA;                                            &quot;operator&quot;: &quot;==&quot;,&#xD;&#xA;                                            &quot;operands&quot;: [{&#xD;&#xA;                                                &quot;operator&quot;: &quot;toLowerCase&quot;,&#xD;&#xA;                                                &quot;operands&quot;: [&quot;[$Status]&quot;]&#xD;&#xA;                                            }, {&#xD;&#xA;                                                &quot;operator&quot;: &quot;toLowerCase&quot;,&#xD;&#xA;                                                &quot;operands&quot;: [&quot;Won't fix&quot;]&#xD;&#xA;                                            }]&#xD;&#xA;                                        }, &quot;sp-css-backgroundColor-errorBackground&quot;, {&#xD;&#xA;                                            &quot;operator&quot;: &quot;:&quot;,&#xD;&#xA;                                            &quot;operands&quot;: [{&#xD;&#xA;                                                &quot;operator&quot;: &quot;==&quot;,&#xD;&#xA;                                                &quot;operands&quot;: [{&#xD;&#xA;                                                    &quot;operator&quot;: &quot;toLowerCase&quot;,&#xD;&#xA;                                                    &quot;operands&quot;: [&quot;[$Status]&quot;]&#xD;&#xA;                                                }, {&#xD;&#xA;                                                    &quot;operator&quot;: &quot;toLowerCase&quot;,&#xD;&#xA;                                                    &quot;operands&quot;: [&quot;New&quot;]&#xD;&#xA;                                                }]&#xD;&#xA;                                            }, &quot;sp-css-backgroundColor-blueBackground17&quot;, &quot;&quot;]&#xD;&#xA;                                        }]&#xD;&#xA;                                    }]&#xD;&#xA;                                }]&#xD;&#xA;                            }]&#xD;&#xA;                        }]&#xD;&#xA;                    }]&#xD;&#xA;                }&#xD;&#xA;            },&#xD;&#xA;            &quot;children&quot;: [{&#xD;&#xA;                &quot;elmType&quot;: &quot;span&quot;,&#xD;&#xA;                &quot;attributes&quot;: {&#xD;&#xA;                    &quot;iconName&quot;: {&#xD;&#xA;                        &quot;operator&quot;: &quot;:&quot;,&#xD;&#xA;                        &quot;operands&quot;: [{&#xD;&#xA;                            &quot;operator&quot;: &quot;==&quot;,&#xD;&#xA;                            &quot;operands&quot;: [{&#xD;&#xA;                                &quot;operator&quot;: &quot;toLowerCase&quot;,&#xD;&#xA;                                &quot;operands&quot;: [&quot;[$Status]&quot;]&#xD;&#xA;                            }, {&#xD;&#xA;                                &quot;operator&quot;: &quot;toLowerCase&quot;,&#xD;&#xA;                                &quot;operands&quot;: [&quot;Blocked&quot;]&#xD;&#xA;                            }]&#xD;&#xA;                        }, &quot;&quot;, {&#xD;&#xA;                            &quot;operator&quot;: &quot;:&quot;,&#xD;&#xA;                            &quot;operands&quot;: [{&#xD;&#xA;                                &quot;operator&quot;: &quot;==&quot;,&#xD;&#xA;                                &quot;operands&quot;: [{&#xD;&#xA;                                    &quot;operator&quot;: &quot;toLowerCase&quot;,&#xD;&#xA;                                    &quot;operands&quot;: [&quot;[$Status]&quot;]&#xD;&#xA;                                }, {&#xD;&#xA;                                    &quot;operator&quot;: &quot;toLowerCase&quot;,&#xD;&#xA;                                    &quot;operands&quot;: [&quot;In progress&quot;]&#xD;&#xA;                                }]&#xD;&#xA;                            }, &quot;&quot;, {&#xD;&#xA;                                &quot;operator&quot;: &quot;:&quot;,&#xD;&#xA;                                &quot;operands&quot;: [{&#xD;&#xA;                                    &quot;operator&quot;: &quot;==&quot;,&#xD;&#xA;                                    &quot;operands&quot;: [{&#xD;&#xA;                                        &quot;operator&quot;: &quot;toLowerCase&quot;,&#xD;&#xA;                                        &quot;operands&quot;: [&quot;[$Status]&quot;]&#xD;&#xA;                                    }, {&#xD;&#xA;                                        &quot;operator&quot;: &quot;toLowerCase&quot;,&#xD;&#xA;                                        &quot;operands&quot;: [&quot;Completed&quot;]&#xD;&#xA;                                    }]&#xD;&#xA;                                }, &quot;&quot;, {&#xD;&#xA;                                    &quot;operator&quot;: &quot;:&quot;,&#xD;&#xA;                                    &quot;operands&quot;: [{&#xD;&#xA;                                        &quot;operator&quot;: &quot;==&quot;,&#xD;&#xA;                                        &quot;operands&quot;: [{&#xD;&#xA;                                            &quot;operator&quot;: &quot;toLowerCase&quot;,&#xD;&#xA;                                            &quot;operands&quot;: [&quot;[$Status]&quot;]&#xD;&#xA;                                        }, {&#xD;&#xA;                                            &quot;operator&quot;: &quot;toLowerCase&quot;,&#xD;&#xA;                                            &quot;operands&quot;: [&quot;Duplicate&quot;]&#xD;&#xA;                                        }]&#xD;&#xA;                                    }, &quot;&quot;, {&#xD;&#xA;                                        &quot;operator&quot;: &quot;:&quot;,&#xD;&#xA;                                        &quot;operands&quot;: [{&#xD;&#xA;                                            &quot;operator&quot;: &quot;==&quot;,&#xD;&#xA;                                            &quot;operands&quot;: [{&#xD;&#xA;                                                &quot;operator&quot;: &quot;toLowerCase&quot;,&#xD;&#xA;                                                &quot;operands&quot;: [&quot;[$Status]&quot;]&#xD;&#xA;                                            }, {&#xD;&#xA;                                                &quot;operator&quot;: &quot;toLowerCase&quot;,&#xD;&#xA;                                                &quot;operands&quot;: [&quot;By design&quot;]&#xD;&#xA;                                            }]&#xD;&#xA;                                        }, &quot;&quot;, {&#xD;&#xA;                                            &quot;operator&quot;: &quot;:&quot;,&#xD;&#xA;                                            &quot;operands&quot;: [{&#xD;&#xA;                                                &quot;operator&quot;: &quot;==&quot;,&#xD;&#xA;                                                &quot;operands&quot;: [{&#xD;&#xA;                                                    &quot;operator&quot;: &quot;toLowerCase&quot;,&#xD;&#xA;                                                    &quot;operands&quot;: [&quot;[$Status]&quot;]&#xD;&#xA;                                                }, {&#xD;&#xA;                                                    &quot;operator&quot;: &quot;toLowerCase&quot;,&#xD;&#xA;                                                    &quot;operands&quot;: [&quot;Won't fix&quot;]&#xD;&#xA;                                                }]&#xD;&#xA;                                            }, &quot;&quot;, {&#xD;&#xA;                                                &quot;operator&quot;: &quot;:&quot;,&#xD;&#xA;                                                &quot;operands&quot;: [{&#xD;&#xA;                                                    &quot;operator&quot;: &quot;==&quot;,&#xD;&#xA;                                                    &quot;operands&quot;: [{&#xD;&#xA;                                                        &quot;operator&quot;: &quot;toLowerCase&quot;,&#xD;&#xA;                                                        &quot;operands&quot;: [&quot;[$Status]&quot;]&#xD;&#xA;                                                    }, {&#xD;&#xA;                                                        &quot;operator&quot;: &quot;toLowerCase&quot;,&#xD;&#xA;                                                        &quot;operands&quot;: [&quot;New&quot;]&#xD;&#xA;                                                    }]&#xD;&#xA;                                                }, &quot;&quot;, &quot;&quot;]&#xD;&#xA;                                            }]&#xD;&#xA;                                        }]&#xD;&#xA;                                    }]&#xD;&#xA;                                }]&#xD;&#xA;                            }]&#xD;&#xA;                        }]&#xD;&#xA;                    },&#xD;&#xA;                    &quot;class&quot;: {&#xD;&#xA;                        &quot;operator&quot;: &quot;:&quot;,&#xD;&#xA;                        &quot;operands&quot;: [{&#xD;&#xA;                            &quot;operator&quot;: &quot;==&quot;,&#xD;&#xA;                            &quot;operands&quot;: [{&#xD;&#xA;                                &quot;operator&quot;: &quot;toLowerCase&quot;,&#xD;&#xA;                                &quot;operands&quot;: [&quot;[$Status]&quot;]&#xD;&#xA;                            }, {&#xD;&#xA;                                &quot;operator&quot;: &quot;toLowerCase&quot;,&#xD;&#xA;                                &quot;operands&quot;: [&quot;Blocked&quot;]&#xD;&#xA;                            }]&#xD;&#xA;                        }, &quot;sp-css-color-redDark&quot;, {&#xD;&#xA;                            &quot;operator&quot;: &quot;:&quot;,&#xD;&#xA;                            &quot;operands&quot;: [{&#xD;&#xA;                                &quot;operator&quot;: &quot;==&quot;,&#xD;&#xA;                                &quot;operands&quot;: [{&#xD;&#xA;                                    &quot;operator&quot;: &quot;toLowerCase&quot;,&#xD;&#xA;                                    &quot;operands&quot;: [&quot;[$Status]&quot;]&#xD;&#xA;                                }, {&#xD;&#xA;                                    &quot;operator&quot;: &quot;toLowerCase&quot;,&#xD;&#xA;                                    &quot;operands&quot;: [&quot;In progress&quot;]&#xD;&#xA;                                }]&#xD;&#xA;                            }, &quot;&quot;, {&#xD;&#xA;                                &quot;operator&quot;: &quot;:&quot;,&#xD;&#xA;                                &quot;operands&quot;: [{&#xD;&#xA;                                    &quot;operator&quot;: &quot;==&quot;,&#xD;&#xA;                                    &quot;operands&quot;: [{&#xD;&#xA;                                        &quot;operator&quot;: &quot;toLowerCase&quot;,&#xD;&#xA;                                        &quot;operands&quot;: [&quot;[$Status]&quot;]&#xD;&#xA;                                    }, {&#xD;&#xA;                                        &quot;operator&quot;: &quot;toLowerCase&quot;,&#xD;&#xA;                                        &quot;operands&quot;: [&quot;Completed&quot;]&#xD;&#xA;                                    }]&#xD;&#xA;                                }, &quot;sp-css-color-green&quot;, {&#xD;&#xA;                                    &quot;operator&quot;: &quot;:&quot;,&#xD;&#xA;                                    &quot;operands&quot;: [{&#xD;&#xA;                                        &quot;operator&quot;: &quot;==&quot;,&#xD;&#xA;                                        &quot;operands&quot;: [{&#xD;&#xA;                                            &quot;operator&quot;: &quot;toLowerCase&quot;,&#xD;&#xA;                                            &quot;operands&quot;: [&quot;[$Status]&quot;]&#xD;&#xA;                                        }, {&#xD;&#xA;                                            &quot;operator&quot;: &quot;toLowerCase&quot;,&#xD;&#xA;                                            &quot;operands&quot;: [&quot;Duplicate&quot;]&#xD;&#xA;                                        }]&#xD;&#xA;                                    }, &quot;sp-css-color-themeDarker&quot;, {&#xD;&#xA;                                        &quot;operator&quot;: &quot;:&quot;,&#xD;&#xA;                                        &quot;operands&quot;: [{&#xD;&#xA;                                            &quot;operator&quot;: &quot;==&quot;,&#xD;&#xA;                                            &quot;operands&quot;: [{&#xD;&#xA;                                                &quot;operator&quot;: &quot;toLowerCase&quot;,&#xD;&#xA;                                                &quot;operands&quot;: [&quot;[$Status]&quot;]&#xD;&#xA;                                            }, {&#xD;&#xA;                                                &quot;operator&quot;: &quot;toLowerCase&quot;,&#xD;&#xA;                                                &quot;operands&quot;: [&quot;By design&quot;]&#xD;&#xA;                                            }]&#xD;&#xA;                                        }, &quot;sp-css-color-neutralPrimary&quot;, {&#xD;&#xA;                                            &quot;operator&quot;: &quot;:&quot;,&#xD;&#xA;                                            &quot;operands&quot;: [{&#xD;&#xA;                                                &quot;operator&quot;: &quot;==&quot;,&#xD;&#xA;                                                &quot;operands&quot;: [{&#xD;&#xA;                                                    &quot;operator&quot;: &quot;toLowerCase&quot;,&#xD;&#xA;                                                    &quot;operands&quot;: [&quot;[$Status]&quot;]&#xD;&#xA;                                                }, {&#xD;&#xA;                                                    &quot;operator&quot;: &quot;toLowerCase&quot;,&#xD;&#xA;                                                    &quot;operands&quot;: [&quot;Won't fix&quot;]&#xD;&#xA;                                                }]&#xD;&#xA;                                            }, &quot;sp-css-color-redDark&quot;, {&#xD;&#xA;                                                &quot;operator&quot;: &quot;:&quot;,&#xD;&#xA;                                                &quot;operands&quot;: [{&#xD;&#xA;                                                    &quot;operator&quot;: &quot;==&quot;,&#xD;&#xA;                                                    &quot;operands&quot;: [{&#xD;&#xA;                                                        &quot;operator&quot;: &quot;toLowerCase&quot;,&#xD;&#xA;                                                        &quot;operands&quot;: [&quot;[$Status]&quot;]&#xD;&#xA;                                                    }, {&#xD;&#xA;                                                        &quot;operator&quot;: &quot;toLowerCase&quot;,&#xD;&#xA;                                                        &quot;operands&quot;: [&quot;New&quot;]&#xD;&#xA;                                                    }]&#xD;&#xA;                                                }, &quot;sp-css-color-blue&quot;, &quot;&quot;]&#xD;&#xA;                                            }]&#xD;&#xA;                                        }]&#xD;&#xA;                                    }]&#xD;&#xA;                                }]&#xD;&#xA;                            }]&#xD;&#xA;                        }]&#xD;&#xA;                    }&#xD;&#xA;                }&#xD;&#xA;            }, {&#xD;&#xA;                &quot;elmType&quot;: &quot;span&quot;,&#xD;&#xA;                &quot;style&quot;: {&#xD;&#xA;                    &quot;overflow&quot;: &quot;hidden&quot;,&#xD;&#xA;                    &quot;text-overflow&quot;: &quot;ellipsis&quot;,&#xD;&#xA;                    &quot;padding&quot;: &quot;0 2px&quot;&#xD;&#xA;                },&#xD;&#xA;                &quot;txtContent&quot;: &quot;[$Status]&quot;,&#xD;&#xA;                &quot;attributes&quot;: {&#xD;&#xA;                    &quot;class&quot;: {&#xD;&#xA;                        &quot;operator&quot;: &quot;:&quot;,&#xD;&#xA;                        &quot;operands&quot;: [{&#xD;&#xA;                            &quot;operator&quot;: &quot;==&quot;,&#xD;&#xA;                            &quot;operands&quot;: [{&#xD;&#xA;                                &quot;operator&quot;: &quot;toLowerCase&quot;,&#xD;&#xA;                                &quot;operands&quot;: [&quot;[$Status]&quot;]&#xD;&#xA;                            }, {&#xD;&#xA;                                &quot;operator&quot;: &quot;toLowerCase&quot;,&#xD;&#xA;                                &quot;operands&quot;: [&quot;Blocked&quot;]&#xD;&#xA;                            }]&#xD;&#xA;                        }, &quot;sp-css-color-redDark&quot;, {&#xD;&#xA;                            &quot;operator&quot;: &quot;:&quot;,&#xD;&#xA;                            &quot;operands&quot;: [{&#xD;&#xA;                                &quot;operator&quot;: &quot;==&quot;,&#xD;&#xA;                                &quot;operands&quot;: [{&#xD;&#xA;                                    &quot;operator&quot;: &quot;toLowerCase&quot;,&#xD;&#xA;                                    &quot;operands&quot;: [&quot;[$Status]&quot;]&#xD;&#xA;                                }, {&#xD;&#xA;                                    &quot;operator&quot;: &quot;toLowerCase&quot;,&#xD;&#xA;                                    &quot;operands&quot;: [&quot;In progress&quot;]&#xD;&#xA;                                }]&#xD;&#xA;                            }, &quot;&quot;, {&#xD;&#xA;                                &quot;operator&quot;: &quot;:&quot;,&#xD;&#xA;                                &quot;operands&quot;: [{&#xD;&#xA;                                    &quot;operator&quot;: &quot;==&quot;,&#xD;&#xA;                                    &quot;operands&quot;: [{&#xD;&#xA;                                        &quot;operator&quot;: &quot;toLowerCase&quot;,&#xD;&#xA;                                        &quot;operands&quot;: [&quot;[$Status]&quot;]&#xD;&#xA;                                    }, {&#xD;&#xA;                                        &quot;operator&quot;: &quot;toLowerCase&quot;,&#xD;&#xA;                                        &quot;operands&quot;: [&quot;Completed&quot;]&#xD;&#xA;                                    }]&#xD;&#xA;                                }, &quot;sp-css-color-green&quot;, {&#xD;&#xA;                                    &quot;operator&quot;: &quot;:&quot;,&#xD;&#xA;                                    &quot;operands&quot;: [{&#xD;&#xA;                                        &quot;operator&quot;: &quot;==&quot;,&#xD;&#xA;                                        &quot;operands&quot;: [{&#xD;&#xA;                                            &quot;operator&quot;: &quot;toLowerCase&quot;,&#xD;&#xA;                                            &quot;operands&quot;: [&quot;[$Status]&quot;]&#xD;&#xA;                                        }, {&#xD;&#xA;                                            &quot;operator&quot;: &quot;toLowerCase&quot;,&#xD;&#xA;                                            &quot;operands&quot;: [&quot;Duplicate&quot;]&#xD;&#xA;                                        }]&#xD;&#xA;                                    }, &quot;sp-css-color-themeDarker&quot;, {&#xD;&#xA;                                        &quot;operator&quot;: &quot;:&quot;,&#xD;&#xA;                                        &quot;operands&quot;: [{&#xD;&#xA;                                            &quot;operator&quot;: &quot;==&quot;,&#xD;&#xA;                                            &quot;operands&quot;: [{&#xD;&#xA;                                                &quot;operator&quot;: &quot;toLowerCase&quot;,&#xD;&#xA;                                                &quot;operands&quot;: [&quot;[$Status]&quot;]&#xD;&#xA;                                            }, {&#xD;&#xA;                                                &quot;operator&quot;: &quot;toLowerCase&quot;,&#xD;&#xA;                                                &quot;operands&quot;: [&quot;By design&quot;]&#xD;&#xA;                                            }]&#xD;&#xA;                                        }, &quot;sp-css-color-neutralPrimary&quot;, {&#xD;&#xA;                                            &quot;operator&quot;: &quot;:&quot;,&#xD;&#xA;                                            &quot;operands&quot;: [{&#xD;&#xA;                                                &quot;operator&quot;: &quot;==&quot;,&#xD;&#xA;                                                &quot;operands&quot;: [{&#xD;&#xA;                                                    &quot;operator&quot;: &quot;toLowerCase&quot;,&#xD;&#xA;                                                    &quot;operands&quot;: [&quot;[$Status]&quot;]&#xD;&#xA;                                                }, {&#xD;&#xA;                                                    &quot;operator&quot;: &quot;toLowerCase&quot;,&#xD;&#xA;                                                    &quot;operands&quot;: [&quot;Won't fix&quot;]&#xD;&#xA;                                                }]&#xD;&#xA;                                            }, &quot;sp-css-color-redDark&quot;, {&#xD;&#xA;                                                &quot;operator&quot;: &quot;:&quot;,&#xD;&#xA;                                                &quot;operands&quot;: [{&#xD;&#xA;                                                    &quot;operator&quot;: &quot;==&quot;,&#xD;&#xA;                                                    &quot;operands&quot;: [{&#xD;&#xA;                                                        &quot;operator&quot;: &quot;toLowerCase&quot;,&#xD;&#xA;                                                        &quot;operands&quot;: [&quot;[$Status]&quot;]&#xD;&#xA;                                                    }, {&#xD;&#xA;                                                        &quot;operator&quot;: &quot;toLowerCase&quot;,&#xD;&#xA;                                                        &quot;operands&quot;: [&quot;New&quot;]&#xD;&#xA;                                                    }]&#xD;&#xA;                                                }, &quot;sp-css-color-blue&quot;, &quot;&quot;]&#xD;&#xA;                                            }]&#xD;&#xA;                                        }]&#xD;&#xA;                                    }]&#xD;&#xA;                                }]&#xD;&#xA;                            }]&#xD;&#xA;                        }]&#xD;&#xA;                    }&#xD;&#xA;                }&#xD;&#xA;            }]&#xD;&#xA;        }],&#xD;&#xA;            &quot;templateId&quot;: &quot;BgColorChoicePill&quot;&#xD;&#xA;}\"><CHOICES><CHOICE>Blocked</CHOICE><CHOICE>In progress</CHOICE><CHOICE>Completed</CHOICE><CHOICE>Duplicate</CHOICE><CHOICE>By design</CHOICE><CHOICE>Won't fix</CHOICE><CHOICE>New</CHOICE></CHOICES><Default>New</Default></Field>"},{"verb":"addSPFieldXml","schemaXml":"<Field ID=\"{06262fd7-42cc-407c-a222-d22d91ca6a7f}\" DisplayName=\"Assigned to\" Description=\"Person or group the issue is assigned to\" Name=\"Assignedto\" ClientSideComponentId=\"00000000-0000-0000-0000-000000000000\" Format=\"Dropdown\" List=\"UserInfo\" Title=\"Assigned to\" Type=\"User\" UserSelectionMode=\"0\" UserSelectionScope=\"0\" StaticName=\"Assignedto\" UserDisplayOptions=\"NamePhoto\" />"},{"verb":"addSPFieldXml","schemaXml":"<Field ID=\"{b62320ca-3aaf-4919-8b82-162438c4bf16}\" DisplayName=\"Date reported\" Description=\"The date the issue was reported\" Name=\"DateReported\" ClientSideComponentId=\"00000000-0000-0000-0000-000000000000\" FriendlyDisplayFormat=\"Disabled\" Format=\"DateOnly\" Title=\"Date reported\" Type=\"DateTime\" StaticName=\"DateReported\"><Validation Message=\"Please add a date that isn't greater than today.\" Script=\"function(x){ return SP.Exp.Calc.valid(SP.Exp.Node.f('LE',[SP.Exp.Node.a(0),SP.Exp.Node.f('TODAY',[])]),x)}\">=DateReported&lt;=TODAY()</Validation></Field>"},{"verb":"addSPFieldXml","schemaXml":"<Field ID=\"{581b1cb8-8c66-47ef-8492-16228221e980}\" DisplayName=\"Issue source\" Description=\"Where was the issue logged (ticket, customer support call etc.)\" Name=\"IssueSource\" ClientSideComponentId=\"00000000-0000-0000-0000-000000000000\" Format=\"Hyperlink\" Title=\"Issue source\" Type=\"URL\" StaticName=\"IssueSource\" />"},{"verb":"addSPFieldXml","schemaXml":"<Field ID=\"{8717190e-a19e-40f1-a2a6-4b0a75ed3697}\" DisplayName=\"Images\" Description=\"Any photos or images of the issue\" Name=\"Images\" ClientSideComponentId=\"00000000-0000-0000-0000-000000000000\" Format=\"Thumbnail\" Title=\"Images\" Type=\"Thumbnail\" StaticName=\"Images\" />"},{"verb":"addSPFieldXml","schemaXml":"<Field ID=\"{136b7240-118d-49d2-ad15-a322ee7763fa}\" DisplayName=\"Issue logged by\" Description=\"The person who logged the issue\" Name=\"Issueloggedby\" Format=\"Dropdown\" List=\"UserInfo\" Title=\"Issue logged by\" Type=\"User\" UserSelectionMode=\"0\" UserSelectionScope=\"0\" StaticName=\"Issueloggedby\" UserDisplayOptions=\"NamePhoto\" />"},{"verb":"addSPFieldXml","schemaXml":"<Field ID=\"{fa653b9b-6889-46ee-b885-35cc27f419ba}\" DisplayName=\"Days old\" Description=\"Days since the issue was reported\" Name=\"DaysOld\" Type=\"Calculated\" EnforceUniqueValues=\"FALSE\" Indexed=\"FALSE\" Format=\"DateOnly\" Decimals=\"0\" LCID=\"1033\" ResultType=\"Number\" ReadOnly=\"TRUE\" StaticName=\"DaysOld\" CustomFormatter=\"{&#xD;&#xA;    &quot;elmType&quot;: &quot;div&quot;,&#xD;&#xA;        &quot;style&quot;: {&#xD;&#xA;        &quot;box-sizing&quot;: &quot;border-box&quot;,&#xD;&#xA;            &quot;padding&quot;: &quot;0 2px&quot;&#xD;&#xA;    },&#xD;&#xA;    &quot;attributes&quot;: {&#xD;&#xA;        &quot;class&quot;: {&#xD;&#xA;            &quot;operator&quot;: &quot;:&quot;,&#xD;&#xA;                &quot;operands&quot;: [{&#xD;&#xA;                    &quot;operator&quot;: &quot;&gt;&quot;,&#xD;&#xA;                    &quot;operands&quot;: [&quot;[$DaysOld]&quot;, 30]&#xD;&#xA;                }, &quot;sp-css-backgroundColor-neutralBackground sp-field-iconRightAligned sp-field-borderAllRegular sp-field-borderAllDashed sp-css-borderColor-redDark&quot;, &quot;&quot;]&#xD;&#xA;        }&#xD;&#xA;    },&#xD;&#xA;    &quot;children&quot;: [{&#xD;&#xA;        &quot;elmType&quot;: &quot;span&quot;,&#xD;&#xA;        &quot;attributes&quot;: {&#xD;&#xA;            &quot;iconName&quot;: {&#xD;&#xA;                &quot;operator&quot;: &quot;:&quot;,&#xD;&#xA;                &quot;operands&quot;: [{&#xD;&#xA;                    &quot;operator&quot;: &quot;&gt;&quot;,&#xD;&#xA;                    &quot;operands&quot;: [&quot;[$DaysOld]&quot;, 30]&#xD;&#xA;                }, &quot;Warning&quot;, &quot;&quot;]&#xD;&#xA;            },&#xD;&#xA;            &quot;class&quot;: {&#xD;&#xA;                &quot;operator&quot;: &quot;:&quot;,&#xD;&#xA;                &quot;operands&quot;: [{&#xD;&#xA;                    &quot;operator&quot;: &quot;&gt;&quot;,&#xD;&#xA;                    &quot;operands&quot;: [&quot;[$DaysOld]&quot;, 30]&#xD;&#xA;                }, &quot;sp-css-color-redDark sp-field-iconPadding&quot;, &quot;&quot;]&#xD;&#xA;            }&#xD;&#xA;        }&#xD;&#xA;    }, {&#xD;&#xA;        &quot;elmType&quot;: &quot;span&quot;,&#xD;&#xA;        &quot;style&quot;: {&#xD;&#xA;            &quot;overflow&quot;: &quot;hidden&quot;,&#xD;&#xA;            &quot;text-overflow&quot;: &quot;ellipsis&quot;,&#xD;&#xA;            &quot;padding&quot;: &quot;0 2px&quot;&#xD;&#xA;        },&#xD;&#xA;        &quot;txtContent&quot;: &quot;[$DaysOld]&quot;,&#xD;&#xA;        &quot;attributes&quot;: {&#xD;&#xA;            &quot;class&quot;: {&#xD;&#xA;                &quot;operator&quot;: &quot;:&quot;,&#xD;&#xA;                &quot;operands&quot;: [{&#xD;&#xA;                    &quot;operator&quot;: &quot;&gt;&quot;,&#xD;&#xA;                    &quot;operands&quot;: [&quot;[$DaysOld]&quot;, 30]&#xD;&#xA;                }, &quot;sp-css-color-redDark&quot;, &quot;&quot;]&#xD;&#xA;            }&#xD;&#xA;        }&#xD;&#xA;    }],&#xD;&#xA;        &quot;templateId&quot;: &quot;ConditionalColumn&quot;&#xD;&#xA;}\"><Formula>\r\n                          =IF(LEN(DateReported)=0,0,DATEDIF(DateReported,TODAY(),\"d\"))\r\n                      </Formula><FieldRefs><FieldRef Name=\"DateReported\" /></FieldRefs></Field>"},{"verb":"addSPFieldXml","schemaXml":"<Field ID=\"{82642ec8-ef9b-478f-acf9-31f7d45fbc31}\" DisplayName=\"Issue\" Description=\"Name of the issue\" Name=\"LinkTitle\" SourceID=\"http://schemas.microsoft.com/sharepoint/v3\" StaticName=\"LinkTitle\" Type=\"Computed\" ReadOnly=\"TRUE\" FromBaseType=\"TRUE\" Width=\"150\" DisplayNameSrcField=\"Title\" Sealed=\"FALSE\"><FieldRefs><FieldRef Name=\"Title\" /><FieldRef Name=\"LinkTitleNoMenu\" /><FieldRef Name=\"_EditMenuTableStart2\" /><FieldRef Name=\"_EditMenuTableEnd\" /></FieldRefs><DisplayPattern><FieldSwitch><Expr><GetVar Name=\"FreeForm\" /></Expr><Case Value=\"TRUE\"><Field Name=\"LinkTitleNoMenu\" /></Case><Default><HTML><![CDATA[<div class=\"ms-vb itx\" onmouseover=\"OnItem(this)\" CTXName=\"ctx]]></HTML><Field Name=\"_EditMenuTableStart2\" /><HTML><![CDATA[\">]]></HTML><Field Name=\"LinkTitleNoMenu\" /><HTML><![CDATA[</div>]]></HTML><HTML><![CDATA[<div class=\"s4-ctx\" onmouseover=\"OnChildItem(this.parentNode); return false;\">]]></HTML><HTML><![CDATA[<span>&nbsp;</span>]]></HTML><HTML><![CDATA[<a onfocus=\"OnChildItem(this.parentNode.parentNode); return false;\" onclick=\"PopMenuFromChevron(event); return false;\" href=\"javascript:;\" title=\"Open Menu\"></a>]]></HTML><HTML><![CDATA[<span>&nbsp;</span>]]></HTML><HTML><![CDATA[</div>]]></HTML></Default></FieldSwitch></DisplayPattern></Field>"},{"verb":"addContentType","name":"Item","id":"0x01","fieldRefsXml":["<FieldRef ID=\"{fa564e0f-0c70-4ab9-b863-0177e6ddd247}\" Name=\"Title\" />","<FieldRef ID=\"{82642ec8-ef9b-478f-acf9-31f7d45fbc31}\" Name=\"LinkTitle\" DisplayName=\"Issue\" ReadOnly=\"TRUE\" />","<FieldRef ID=\"{8f6b0ce0-2e04-40a1-88b8-db183e4f7033}\" Name=\"Description\" />","<FieldRef ID=\"{8a92eec2-4079-48df-a26a-84ca3426032b}\" Name=\"Priority\" />","<FieldRef ID=\"{4c66e88e-aadb-4b83-a2fa-e6b8b65a6bb5}\" Name=\"Status\" />","<FieldRef ID=\"{06262fd7-42cc-407c-a222-d22d91ca6a7f}\" Name=\"Assignedto\" />","<FieldRef ID=\"{b62320ca-3aaf-4919-8b82-162438c4bf16}\" Name=\"DateReported\" />","<FieldRef ID=\"{fa653b9b-6889-46ee-b885-35cc27f419ba}\" Name=\"DaysOld\" />","<FieldRef ID=\"{581b1cb8-8c66-47ef-8492-16228221e980}\" Name=\"IssueSource\" />","<FieldRef ID=\"{8717190e-a19e-40f1-a2a6-4b0a75ed3697}\" Name=\"Images\" />","<FieldRef ID=\"{67df98f4-9dec-48ff-a553-29bece9c5bf4}\" Name=\"Attachments\" />","<FieldRef ID=\"{136b7240-118d-49d2-ad15-a322ee7763fa}\" Name=\"Issueloggedby\" />"]},{"verb":"addContentType","name":"Folder","id":"0x0120"},{"verb":"addSPView","name":"All Items","viewFields":["LinkTitle","Description","Priority","Status","Assignedto","DateReported","DaysOld","IssueSource","Images","Attachments","Issueloggedby"],"query":"<OrderBy><FieldRef Name=\"DateReported\" Ascending=\"FALSE\" /></OrderBy>","rowLimit":30,"isPaged":true,"makeDefault":true,"formatterJSON":"{\r\n    \"additionalRowClass\": {\r\n        \"operator\": \":\",\r\n            \"operands\": [{\r\n                \"operator\": \"==\",\r\n                \"operands\": [{\r\n                    \"operator\": \"toLowerCase\",\r\n                    \"operands\": [\"[$Status]\"]\r\n                }, {\r\n                    \"operator\": \"toLowerCase\",\r\n                    \"operands\": [\"Blocked\"]\r\n                }]\r\n            }, \"sp-css-backgroundColor-errorBackground\", \"\"]\r\n    },\r\n    \"rowClassTemplateId\": \"ConditionalView\"\r\n}","replaceViewFields":true},{"verb":"addSPView","name":"Issues grouped by priority","viewFields":["LinkTitle","Description","Priority","Status","Assignedto","DateReported","DaysOld","IssueSource","Images","Attachments"],"query":"<OrderBy><FieldRef Name=\"ID\" /></OrderBy><GroupBy><FieldRef Name=\"Priority\" Ascending=\"TRUE\" /></GroupBy>","rowLimit":30,"isPaged":true,"replaceViewFields":true},{"verb":"addSPView","name":"Issues grouped by status","viewFields":["LinkTitle","Description","Priority","Status","Assignedto","DateReported","DaysOld","IssueSource","Images","Attachments"],"query":"<OrderBy><FieldRef Name=\"ID\" /></OrderBy><GroupBy><FieldRef Name=\"Status\" Ascending=\"TRUE\" /></GroupBy>","rowLimit":30,"isPaged":true,"replaceViewFields":true},{"verb":"addSPView","name":"Issues grouped by person assigned to","viewFields":["LinkTitle","Description","Priority","Status","Assignedto","DateReported","DaysOld","IssueSource","Images","Attachments"],"query":"<OrderBy><FieldRef Name=\"DaysOld\" Ascending=\"FALSE\" /></OrderBy><GroupBy><FieldRef Name=\"Assignedto\" Ascending=\"TRUE\" /></GroupBy>","rowLimit":30,"isPaged":true,"replaceViewFields":true}]},{"verb":"createSPList","listName":"Shared Documents","templateType":101,"subactions":[{"verb":"addSPFieldXml","schemaXml":"<Field ID=\"{08d89a66-4634-42b8-9d5a-0c27395a48b3}\" Type=\"Text\" Name=\"TriggerFlowInfo\" DisplayName=\"Trigger Flow Info\" DisplaceOnUpgrade=\"TRUE\" Hidden=\"TRUE\" ReadOnlyEnforced=\"FALSE\" ReadOnly=\"TRUE\" Required=\"FALSE\" SourceID=\"http://schemas.microsoft.com/sharepoint/v3\" StaticName=\"TriggerFlowInfo\" />"},{"verb":"addContentType","name":"Folder","id":"0x0120"},{"verb":"addSPView","name":"All Documents","viewFields":["DocIcon","LinkFilename","Modified","Editor"],"query":"<OrderBy><FieldRef Name=\"FileLeafRef\" /></OrderBy>","rowLimit":30,"isPaged":true,"makeDefault":true,"addLink":"Shared Documents","replaceViewFields":true}]},{"verb":"setSiteBranding","navigationLayout":"Cascade","headerLayout":"Compact","headerBackground":"None","showFooter":true},{"verb":"applyTheme","themeJson":{"version":"2","isInverted":true,"palette":{"themePrimary":"#ffffc83d","themeLighterAlt":"#ff0a0802","themeLighter":"#ff29200a","themeLight":"#ff4d3c12","themeTertiary":"#ff997825","themeSecondary":"#ffe0b036","themeDarkAlt":"#ffffce51","themeDark":"#ffffd56c","themeDarker":"#ffffe092","accent":"#ffffc83d","neutralLighterAlt":"#ff201f1e","neutralLighter":"#ff252423","neutralLight":"#ff292827","neutralQuaternaryAlt":"#ff323130","neutralQuaternary":"#ff3b3a39","neutralTertiaryAlt":"#ff484644","neutralTertiary":"#ff797775","neutralSecondary":"#ffa19f9d","neutralPrimaryAlt":"#ffc8c6c4","neutralPrimary":"#fff3f2f1","neutralDark":"#fffaf9f8","black":"#ffffffff","white":"#ff1b1a19","primaryBackground":"#ff1b1a19","primaryText":"#fff3f2f1","HyperlinkActive":"#ffffe092","CommandLinksPressed":"#ffffe092","NavigationPressed":"#ffffe092","EmphasisHoverBorder":"#ffffe092","TopBarPressedText":"#ffffe092","HeaderNavigationPressedText":"#ffffe092","Hyperlinkfollowed":"#ffffe092","EmphasisHoverBackground":"#ffffd56c","EmphasisBorder":"#ffffd56c","AccentText":"#ffffc83d","CommandLinksHover":"#ffffc83d","RowAccent":"#ffffc83d","NavigationAccent":"#ffffc83d","NavigationHover":"#ffffc83d","EmphasisBackground":"#ffffc83d","HeaderNavigationHoverText":"#ffffc83d","HeaderNavigationSelectedText":"#ffffc83d","SuiteBarBackground":"#ffffc83d","Hyperlink":"#ffffc83d","ContentAccent1":"#ffffc83d","AccentLines":"#ffe0b036","HeaderAccentLines":"#ffe0b036","ButtonPressedBorder":"#ffe0b036","SuiteBarHoverBackground":"#ff997825","StrongLines":"#ff4d3c12","HeaderStrongLines":"#ff4d3c12","SuiteBarHoverText":"#ff4d3c12","ButtonPressedBackground":"#ff4d3c12","ButtonHoverBorder":"#ff4d3c12","ButtonHoverBackground":"#ff29200a","SelectionBackground":"#7f4d3c12","HoverBackground":"#7f29200a","NavigationHoverBackground":"#7f29200a","PageBackground":"#ff1b1a19","EmphasisText":"#ff1b1a19","SuiteBarText":"#ff1b1a19","TileText":"#ff1b1a19","BackgroundOverlay":"#d81b1a19","HeaderBackground":"#d81b1a19","FooterBackground":"#d81b1a19","DisabledBackground":"#ff201f1e","HeaderDisabledBackground":"#ff201f1e","ButtonBackground":"#ff201f1e","ButtonDisabledBackground":"#ff201f1e","SubtleEmphasisBackground":"#ff252423","DialogBorder":"#ff252423","NavigationSelectedBackground":"#c6292827","TopBarBackground":"#c6292827","DisabledLines":"#ff292827","HeaderDisabledLines":"#ff292827","ButtonDisabledBorder":"#ff292827","SuiteBarDisabledText":"#ff292827","SubtleLines":"#ff484644","HeaderSubtleLines":"#ff484644","ButtonGlyphDisabled":"#ff484644","DisabledText":"#ff797775","CommandLinksDisabled":"#ff797775","HeaderDisableText":"#ff797775","ButtonDisabledText":"#ff797775","Lines":"#ff797775","HeaderLines":"#ff797775","ButtonBorder":"#ff797775","CommandLinks":"#ffa19f9d","Navigation":"#ffa19f9d","SubtleEmphasisText":"#ffa19f9d","TopBarText":"#ffa19f9d","HeaderNavigationText":"#ffa19f9d","ButtonGlyph":"#ffa19f9d","BodyText":"#fff3f2f1","WebPartHeading":"#fff3f2f1","HeaderText":"#fff3f2f1","ButtonText":"#fff3f2f1","ButtonGlyphActive":"#fff3f2f1","TopBarHoverText":"#fff3f2f1","StrongBodyText":"#fffaf9f8","SiteTitle":"#fffaf9f8","CommandLinksSecondary":"#fffaf9f8","SubtleEmphasisCommandLinks":"#fffaf9f8","HeaderSiteTitle":"#fffaf9f8","TileBackgroundOverlay":"#7fffffff","ContentAccent2":"#ff00485b","ContentAccent3":"#ff288054","ContentAccent4":"#ff767956","ContentAccent5":"#ffed0033","ContentAccent6":"#ff682a7a"}}},{"verb":"setSiteExternalSharingCapability","capability":"Disabled"},{"verb":"setRegionalSettings","timeZone":13,"locale":1033,"sortOrder":25,"hourFormat":"12"}]}}}},"connectionReferences":{"shared_sharepointonline":{"connectionName":"e777b1e60d424781a584f144c74757ab","source":"Invoker","id":"/providers/Microsoft.PowerApps/apis/shared_sharepointonline","tier":"NotSpecified"}},"flowFailureAlertSubscribed":false,"isManaged":false}}