{"name":"9b267c64-9ddf-44b7-999e-c3d5b6956922","id":"/providers/Microsoft.Flow/flows/9b267c64-9ddf-44b7-999e-c3d5b6956922","type":"Microsoft.Flow/flows","properties":{"apiId":"/providers/Microsoft.PowerApps/apis/shared_logicflows","displayName":"Copy File Demo","definition":{"metadata":{"workflowEntityId":null,"processAdvisorMetadata":null,"flowChargedByPaygo":null,"flowclientsuspensionreason":"None","flowclientsuspensiontime":null,"flowclientsuspensionreasondetails":null,"creator":{"id":"bb78b6cb-1737-4234-a136-b51f910f7279","type":"User","tenantId":"dfbc606c-719f-4d07-8482-3261e955e3a2"},"provisioningMethod":"FromDefinition","failureAlertSubscription":true,"clientLastModifiedTime":"2024-03-22T22:08:01.5650825Z","connectionKeySavedTimeKey":"2024-03-22T22:08:01.5650825Z"},"$schema":"https://schema.management.azure.com/providers/Microsoft.Logic/schemas/2016-06-01/workflowdefinition.json#","contentVersion":"1.0.0.0","parameters":{"$connections":{"defaultValue":{},"type":"Object"},"$authentication":{"defaultValue":{},"type":"SecureObject"}},"triggers":{"manual":{"metadata":{"operationMetadataId":"aff10553-d964-45c4-a19e-2beb0f9cd87e"},"type":"Request","kind":"Button","inputs":{"schema":{"type":"object","properties":{},"required":[]}}}},"actions":{"Get_items":{"runAfter":{},"metadata":{"operationMetadataId":"90a50ce8-4f8d-40ee-b0d7-bb5e59cbe4ae"},"type":"OpenApiConnection","inputs":{"host":{"apiId":"/providers/Microsoft.PowerApps/apis/shared_sharepointonline","connectionName":"shared_sharepointonline_1","operationId":"GetItems"},"parameters":{"dataset":"https://deepakdemo.sharepoint.com","table":"Document Migration Source"},"authentication":{"value":"@json(decodeBase64(triggerOutputs().headers['X-MS-APIM-Tokens']))['$ConnectionKey']","type":"Raw"}}},"Apply_to_each":{"foreach":"@outputs('Get_items')?['body/value']","actions":{"Get_file_content":{"runAfter":{},"metadata":{"operationMetadataId":"409b763a-6a5e-45bb-95ea-32158fafc173"},"type":"OpenApiConnection","inputs":{"host":{"apiId":"/providers/Microsoft.PowerApps/apis/shared_sharepointonline","connectionName":"shared_sharepointonline_1","operationId":"GetFileContent"},"parameters":{"dataset":"https://deepakdemo.sharepoint.com","id":"@items('Apply_to_each')?['{Identifier}']","inferContentType":true},"authentication":{"value":"@json(decodeBase64(triggerOutputs().headers['X-MS-APIM-Tokens']))['$ConnectionKey']","type":"Raw"}}},"Create_file":{"runAfter":{"Get_file_content":["Succeeded"]},"metadata":{"operationMetadataId":"0e6ce270-4e67-4d12-9315-aee5d8c24d47"},"type":"OpenApiConnection","inputs":{"host":{"apiId":"/providers/Microsoft.PowerApps/apis/shared_sharepointonline","connectionName":"shared_sharepointonline","operationId":"CreateFile"},"parameters":{"dataset":"https://dpowerwork.sharepoint.com","folderPath":"/Document Migration Destination","name":"@items('Apply_to_each')?['{FilenameWithExtension}']","body":"@body('Get_file_content')"},"authentication":{"value":"@json(decodeBase64(triggerOutputs().headers['X-MS-APIM-Tokens']))['$ConnectionKey']","type":"Raw"}},"runtimeConfiguration":{"contentTransfer":{"transferMode":"Chunked"}}}},"runAfter":{"Get_items":["Succeeded"]},"metadata":{"operationMetadataId":"263b81ad-e778-4a29-9cbf-4a3ae2d9c04c"},"type":"Foreach"}}},"connectionReferences":{"shared_sharepointonline_1":{"connectionName":"65bd795f980b41a0851894cf91f7628b","source":"Invoker","id":"/providers/Microsoft.PowerApps/apis/shared_sharepointonline","tier":"NotSpecified"},"shared_sharepointonline":{"connectionName":"1004ad2a50214d339e7713d67ce53f5b","source":"Invoker","id":"/providers/Microsoft.PowerApps/apis/shared_sharepointonline","tier":"NotSpecified"}},"flowFailureAlertSubscribed":false,"isManaged":false}}