{"name":"ae464c0d-0aff-4eec-8857-a01d5cc05c90","id":"/providers/Microsoft.Flow/flows/ae464c0d-0aff-4eec-8857-a01d5cc05c90","type":"Microsoft.Flow/flows","properties":{"apiId":"/providers/Microsoft.PowerApps/apis/shared_logicflows","displayName":"Compare Spread Sheet","definition":{"metadata":{"workflowEntityId":null,"flowclientsuspensionreason":"None","flowclientsuspensiontime":null,"creator":{"id":"1288be4b-93b7-4d6b-bde2-f4ca436b8536","type":"User","tenantId":"f5c8e4c1-6615-422d-b850-d79cee28c6f1"},"provisioningMethod":"FromDefinition","failureAlertSubscription":true,"clientLastModifiedTime":"2020-08-11T00:08:19.8643858Z"},"$schema":"https://schema.management.azure.com/providers/Microsoft.Logic/schemas/2016-06-01/workflowdefinition.json#","contentVersion":"1.0.0.0","parameters":{"$connections":{"defaultValue":{},"type":"Object"},"$authentication":{"defaultValue":{},"type":"SecureObject"}},"triggers":{"manual":{"type":"Request","kind":"Button","inputs":{"schema":{"type":"object","properties":{},"required":[]}}}},"actions":{"List_rows_present_in_a_table_Excel_1":{"runAfter":{"Initialize_variable":["Succeeded"]},"metadata":{"01EHDEIPGU3UXTULWCYZFJIPGMUCNSE2GC":"/DynamicExcel.xlsx","flowSystemMetadata":{"swaggerOperationId":"GetItems"},"01EHDEIPA3LUY4AOGNSJAK5UVSHVR7QT5G":"/MyExcel1.xlsx"},"type":"ApiConnection","inputs":{"host":{"connection":{"name":"@json(decodeBase64(triggerOutputs().headers['X-MS-APIM-Tokens']))['$connections']['shared_excelonlinebusiness']['connectionId']"},"api":{"runtimeUrl":"https://unitedstates-002.azure-apim.net/apim/excelonlinebusiness"}},"method":"get","path":"/drives/@{encodeURIComponent('b!svExV-8o10u_G4Fc32TmD3McKpjD8XtErz5MudEO1R27j_vmS40WTr2q95ltqxhb')}/files/@{encodeURIComponent('01EHDEIPA3LUY4AOGNSJAK5UVSHVR7QT5G')}/tables/@{encodeURIComponent('{8B13673D-AE40-4716-AF4F-8B19C8B33A4E}')}/items","queries":{"source":"sites/dpowerwork.sharepoint.com,5731f1b2-28ef-4bd7-bf1b-815cdf64e60f,982a1c73-f1c3-447b-af3e-4cb9d10ed51d"},"authentication":{"type":"Raw","value":"@json(decodeBase64(triggerOutputs().headers['X-MS-APIM-Tokens']))['$ConnectionKey']"}}},"List_rows_present_in_a_table_Excel_2":{"runAfter":{"List_rows_present_in_a_table_Excel_1":["Succeeded"]},"metadata":{"01EHDEIPGU3UXTULWCYZFJIPGMUCNSE2GC":"/DynamicExcel.xlsx","flowSystemMetadata":{"swaggerOperationId":"GetItems"},"01EHDEIPB2CGJS5Q3QQRAL3MQOK7STLE2V":"/MyExcel2.xlsx"},"type":"ApiConnection","inputs":{"host":{"connection":{"name":"@json(decodeBase64(triggerOutputs().headers['X-MS-APIM-Tokens']))['$connections']['shared_excelonlinebusiness']['connectionId']"},"api":{"runtimeUrl":"https://unitedstates-002.azure-apim.net/apim/excelonlinebusiness"}},"method":"get","path":"/drives/@{encodeURIComponent('b!svExV-8o10u_G4Fc32TmD3McKpjD8XtErz5MudEO1R27j_vmS40WTr2q95ltqxhb')}/files/@{encodeURIComponent('01EHDEIPB2CGJS5Q3QQRAL3MQOK7STLE2V')}/tables/@{encodeURIComponent('{8B13673D-AE40-4716-AF4F-8B19C8B33A4E}')}/items","queries":{"source":"sites/dpowerwork.sharepoint.com,5731f1b2-28ef-4bd7-bf1b-815cdf64e60f,982a1c73-f1c3-447b-af3e-4cb9d10ed51d"},"authentication":{"type":"Raw","value":"@json(decodeBase64(triggerOutputs().headers['X-MS-APIM-Tokens']))['$ConnectionKey']"}}},"Initialize_variable":{"runAfter":{},"type":"InitializeVariable","inputs":{"variables":[{"name":"IsMatch","type":"boolean","value":true}]}},"Check_If_files_has_same_number_of_rows":{"actions":{"Scope":{"actions":{"Apply_to_each_row_Excel_1":{"foreach":"@body('List_rows_present_in_a_table_Excel_1')?['value']","actions":{"Check_if_IsMatch":{"actions":{"Filter_Second_Excel":{"runAfter":{},"type":"Query","inputs":{"from":"@body('List_rows_present_in_a_table_Excel_2')?['value']","where":"@and(equals(items('Apply_to_each_row_Excel_1')?['FirstName'], item()?['FirstName']),and(equals(items('Apply_to_each_row_Excel_1')?['Age'], item()?['Age']),equals(items('Apply_to_each_row_Excel_1')?['LastName'], item()?['LastName'])))"}},"Set_variable_IsMatch_true_if_data_matched":{"runAfter":{"Filter_Second_Excel":["Succeeded"]},"type":"SetVariable","inputs":{"name":"IsMatch","value":"@if(greater(length(body('Filter_Second_Excel')),0),true,false)"}}},"runAfter":{},"expression":{"equals":["@variables('IsMatch')",true]},"type":"If"}},"runAfter":{},"type":"Foreach"}},"runAfter":{},"type":"Scope"}},"runAfter":{"List_rows_present_in_a_table_Excel_2":["Succeeded"]},"else":{"actions":{"Set_variable_IsMatch_False":{"runAfter":{},"type":"SetVariable","inputs":{"name":"IsMatch","value":false}}}},"expression":{"equals":["@length(body('List_rows_present_in_a_table_Excel_2')?['value'])","@length(body('List_rows_present_in_a_table_Excel_1')?['value'])"]},"type":"If"},"Send_an_email_(V2)":{"runAfter":{"Check_If_files_has_same_number_of_rows":["Succeeded"]},"metadata":{"flowSystemMetadata":{"swaggerOperationId":"SendEmailV2"}},"type":"ApiConnection","inputs":{"host":{"connection":{"name":"@json(decodeBase64(triggerOutputs().headers['X-MS-APIM-Tokens']))['$connections']['shared_office365']['connectionId']"},"api":{"runtimeUrl":"https://unitedstates-002.azure-apim.net/apim/office365"}},"method":"post","body":{"To":"deepak@dpowerwork.onmicrosoft.com","Subject":"@{if(variables('IsMatch'),'Excel File Matched','Excel Does Not Match')}","Body":"<p>Excel Does Not Match</p>"},"path":"/v2/Mail","authentication":{"type":"Raw","value":"@json(decodeBase64(triggerOutputs().headers['X-MS-APIM-Tokens']))['$ConnectionKey']"}}}}},"connectionReferences":{"shared_excelonlinebusiness":{"connectionName":"shared-excelonlinebu-ccbfea07-eb78-408e-bc3d-d9d600cef2be","source":"Invoker","id":"/providers/Microsoft.PowerApps/apis/shared_excelonlinebusiness","tier":"NotSpecified"},"shared_office365":{"connectionName":"shared-office365-1a770499-4cd7-4fbe-b5b2-99182dda1b0d","source":"Invoker","id":"/providers/Microsoft.PowerApps/apis/shared_office365","tier":"NotSpecified"}},"flowFailureAlertSubscribed":false}}