{"name":"a96e3ef5-4ec0-47a7-81a8-fd1edcf925af","id":"/providers/Microsoft.Flow/flows/a96e3ef5-4ec0-47a7-81a8-fd1edcf925af","type":"Microsoft.Flow/flows","properties":{"apiId":"/providers/Microsoft.PowerApps/apis/shared_logicflows","displayName":"Email Auto Response","definition":{"metadata":{"workflowEntityId":null,"flowclientsuspensionreason":"None","flowclientsuspensiontime":null,"creator":{"id":"1288be4b-93b7-4d6b-bde2-f4ca436b8536","type":"User","tenantId":"f5c8e4c1-6615-422d-b850-d79cee28c6f1"},"provisioningMethod":"FromDefinition","failureAlertSubscription":true,"clientLastModifiedTime":"2020-08-11T03:59:30.3589274Z"},"$schema":"https://schema.management.azure.com/providers/Microsoft.Logic/schemas/2016-06-01/workflowdefinition.json#","contentVersion":"1.0.0.0","parameters":{"$connections":{"defaultValue":{},"type":"Object"},"$authentication":{"defaultValue":{},"type":"SecureObject"}},"triggers":{"When_a_new_email_arrives_(V3)":{"splitOn":"@triggerBody()?['value']","metadata":{"flowSystemMetadata":{"swaggerOperationId":"OnNewEmailV3"}},"type":"ApiConnectionNotification","inputs":{"host":{"connection":{"name":"@parameters('$connections')['shared_office365']['connectionId']"},"api":{"runtimeUrl":"https://unitedstates-002.azure-apim.net/apim/office365"}},"fetch":{"queries":{"folderPath":"Inbox","importance":"Any","fetchOnlyWithAttachment":false,"includeAttachments":false},"pathTemplate":{"template":"/v3/Mail/OnNewEmail"},"method":"get"},"subscribe":{"queries":{"folderPath":"Inbox","importance":"Any","fetchOnlyWithAttachment":false},"body":{"NotificationUrl":"@{listCallbackUrl()}"},"pathTemplate":{"template":"/GraphMailSubscriptionPoke/$subscriptions"},"method":"post"},"authentication":"@parameters('$authentication')"}}},"actions":{"Check_If_Email_Contains_a_aliases":{"actions":{"Send_an_email_(V2)":{"runAfter":{"Get_user_profile_(V2)":["Succeeded"]},"metadata":{"flowSystemMetadata":{"swaggerOperationId":"SendEmailV2"}},"type":"ApiConnection","inputs":{"host":{"connection":{"name":"@parameters('$connections')['shared_office365']['connectionId']"},"api":{"runtimeUrl":"https://unitedstates-002.azure-apim.net/apim/office365"}},"method":"post","body":{"To":"@triggerBody()?['from']","Subject":"Helpfull Information","Body":"<p>Hello @{body('Get_user_profile_(V2)')?['displayName']},<br>\n<br>\nThanks for the email. Here are some useful information and resource.<br>\n<br>\n<a href=\"https://www.cdc.gov/coronavirus/2019-ncov/prevent-getting-sick/prevention.html\">How To Protect Yourself?</a><br>\n<a href=\"https://www.cdc.gov/coronavirus/2019-ncov/if-you-are-sick/steps-when-sick.html\">What to do if you are sick?</a><br>\n<a href=\"https://www.cdc.gov/coronavirus/2019-nCoV/index.html\">More Details</a><br>\n<br>\n<br>\nThanks for the email. Stay Safe.<br>\n&nbsp;</p>"},"path":"/v2/Mail","authentication":"@parameters('$authentication')"}},"Get_user_profile_(V2)":{"runAfter":{},"metadata":{"flowSystemMetadata":{"swaggerOperationId":"UserProfile_V2"}},"type":"ApiConnection","inputs":{"host":{"connection":{"name":"@parameters('$connections')['shared_office365users']['connectionId']"},"api":{"runtimeUrl":"https://unitedstates-002.azure-apim.net/apim/office365users"}},"method":"get","path":"/codeless/v1.0/users/@{encodeURIComponent(triggerBody()?['from'])}","authentication":"@parameters('$authentication')"}}},"runAfter":{},"expression":{"or":[{"contains":["@toLower(triggerBody()?['body'])","covid"]},{"contains":["@toLower(triggerBody()?['body'])","corona"]}]},"type":"If"}}},"connectionReferences":{"shared_office365":{"connectionName":"shared-office365-1a770499-4cd7-4fbe-b5b2-99182dda1b0d","source":"Embedded","id":"/providers/Microsoft.PowerApps/apis/shared_office365","tier":"NotSpecified"},"shared_office365users":{"connectionName":"62cf44ba3f444ceda81c886ec8917bae","source":"Embedded","id":"/providers/Microsoft.PowerApps/apis/shared_office365users","tier":"NotSpecified"}},"flowFailureAlertSubscribed":false}}