{"name":"b9db2c52-5bd2-4c02-b1f8-f98adfd96974","id":"/providers/Microsoft.Flow/flows/b9db2c52-5bd2-4c02-b1f8-f98adfd96974","type":"Microsoft.Flow/flows","properties":{"apiId":"/providers/Microsoft.PowerApps/apis/shared_logicflows","displayName":"MergeJSON","definition":{"metadata":{"workflowEntityId":null,"creator":{"id":"1288be4b-93b7-4d6b-bde2-f4ca436b8536","type":"User","tenantId":"f5c8e4c1-6615-422d-b850-d79cee28c6f1"},"provisioningMethod":"FromDefinition","failureAlertSubscription":true,"clientLastModifiedTime":"2020-03-27T17:45:34.479314Z"},"$schema":"https://schema.management.azure.com/providers/Microsoft.Logic/schemas/2016-06-01/workflowdefinition.json#","contentVersion":"1.0.0.0","parameters":{"$authentication":{"defaultValue":{},"type":"SecureObject"}},"triggers":{"manual":{"type":"Request","kind":"Button","inputs":{"schema":{"type":"object","properties":{},"required":[]}}}},"actions":{"Final_JSON":{"runAfter":{},"type":"InitializeVariable","inputs":{"variables":[{"name":"CurrentItem","type":"string","value":"[ "}]}},"JSON_1":{"runAfter":{"Final_JSON":["Succeeded"]},"type":"InitializeVariable","inputs":{"variables":[{"name":"ARRAYB","type":"array","value":[{"DocumentID":1265,"Comment":"."},{"DocumentID":2338,"Comment":"Exploded view still WIP."},{"DocumentID":5522,"Comment":"."}]}]}},"JSON_2":{"runAfter":{"JSON_1":["Succeeded"]},"type":"InitializeVariable","inputs":{"variables":[{"name":"ARRAYA","type":"array","value":[{"DocumentID":1265,"PartNumber":"510009","Rev":"1","Description":"KBOV HANDLE BRACKET ASSEMBLY"},{"DocumentID":2338,"PartNumber":"KBV8-N-FW","Rev":"0","Description":"KBV8-N-FW GENERAL ARRANGEMENT & BOM"},{"DocumentID":5522,"PartNumber":"213155","Rev":"0","Description":".125 X .50 DOWEL PIN CS"}]}]}},"JSON1LOOP":{"foreach":"@variables('ARRAYA')","actions":{"JSON2LOOP":{"foreach":"@variables('ARRAYB')","actions":{"CompareDocID":{"actions":{"Append_to_Final_JSON_variable":{"runAfter":{},"type":"AppendToStringVariable","inputs":{"name":"CurrentItem","value":"{\n  \"DocumentID\": @{items('JSON1LOOP')['DocumentID']},\n  \"PartNumber\": \"@{items('JSON1LOOP')['PartNumber']}\",\n  \"Rev\": \"@{items('JSON1LOOP')['Rev']}\",\n  \"Description\": \"@{items('JSON1LOOP')['Description']}\",\n  \"Comment\": \"@{items('JSON2LOOP')['Comment']}\"\n},"}}},"runAfter":{},"expression":{"equals":["@items('JSON1LOOP')['DocumentID']","@items('JSON2LOOP')['DocumentID']"]},"type":"If"}},"runAfter":{},"type":"Foreach"}},"runAfter":{"JSON_2":["Succeeded"]},"type":"Foreach"},"Close_Final_JSON_":{"runAfter":{"JSON1LOOP":["Succeeded"]},"type":"AppendToStringVariable","inputs":{"name":"CurrentItem","value":"]"}},"Parse_Final_JSON":{"runAfter":{"Close_Final_JSON_":["Succeeded"]},"type":"ParseJson","inputs":{"content":"@variables('CurrentItem')","schema":{}}}}},"connectionReferences":{},"flowFailureAlertSubscribed":false}}