{"name":"e7402940-4d98-46cd-a1ad-250ebc749272","id":"/providers/Microsoft.Flow/flows/e7402940-4d98-46cd-a1ad-250ebc749272","type":"Microsoft.Flow/flows","properties":{"apiId":"/providers/Microsoft.PowerApps/apis/shared_logicflows","displayName":"When an item is created -> Condition,Compose","definition":{"metadata":{"workflowEntityId":null,"processAdvisorMetadata":null,"flowclientsuspensionreason":"None","flowclientsuspensiontime":null,"creator":{"id":"bb78b6cb-1737-4234-a136-b51f910f7279","type":"User","tenantId":"dfbc606c-719f-4d07-8482-3261e955e3a2"},"provisioningMethod":"FromDefinition","failureAlertSubscription":true,"clientLastModifiedTime":"2021-10-22T17:55:44.6658556Z"},"$schema":"https://schema.management.azure.com/providers/Microsoft.Logic/schemas/2016-06-01/workflowdefinition.json#","contentVersion":"1.0.0.0","parameters":{"$connections":{"defaultValue":{},"type":"Object"},"$authentication":{"defaultValue":{},"type":"SecureObject"}},"triggers":{"When_an_item_is_created":{"recurrence":{"frequency":"Minute","interval":1},"splitOn":"@triggerOutputs()?['body/value']","type":"OpenApiConnection","inputs":{"host":{"apiId":"/providers/Microsoft.PowerApps/apis/shared_sharepointonline","connectionName":"shared_sharepointonline","operationId":"GetOnNewItems"},"parameters":{"dataset":"https://deepakdemo.sharepoint.com/","table":"d6ed2a43-37c4-4569-bed2-7a110b113f4b"},"authentication":"@parameters('$authentication')"}}},"actions":{"Condition":{"actions":{"ItemPath":{"runAfter":{},"type":"Compose","inputs":"@decodeUriComponent(decodeUriComponent(decodeUriComponent(triggerOutputs()?['body/{Identifier}'])))"},"Get_items":{"runAfter":{"ItemPath":["Succeeded"]},"type":"OpenApiConnection","inputs":{"host":{"apiId":"/providers/Microsoft.PowerApps/apis/shared_sharepointonline","connectionName":"shared_sharepointonline","operationId":"GetItems"},"parameters":{"dataset":"https://deepakdemo.sharepoint.com/","table":"d6ed2a43-37c4-4569-bed2-7a110b113f4b","$filter":"Title eq '@{triggerOutputs()?['body/field_Country/Value']}'"},"authentication":"@parameters('$authentication')"}},"FolderPath":{"runAfter":{"Get_items":["Succeeded"]},"type":"Compose","inputs":"@decodeUriComponent(decodeUriComponent(decodeUriComponent( outputs('Get_items')?['body/value'][0]?['{Identifier}'])))"},"MoveFile":{"runAfter":{"FolderPath":["Succeeded"]},"type":"Compose","inputs":{"srcPath":{"__metadata":{"type":"SP.ResourcePath"},"DecodedUrl":"https://deepakdemo.sharepoint.com/@{outputs('ItemPath')}"},"destPath":{"__metadata":{"type":"SP.ResourcePath"},"DecodedUrl":"https://deepakdemo.sharepoint.com/@{outputs('FolderPath')}/@{triggerOutputs()?['body/Title']}"}}},"Send_an_HTTP_request_to_SharePoint":{"runAfter":{"MoveFile":["Succeeded"]},"type":"OpenApiConnection","inputs":{"host":{"apiId":"/providers/Microsoft.PowerApps/apis/shared_sharepointonline","connectionName":"shared_sharepointonline","operationId":"HttpRequest"},"parameters":{"dataset":"https://deepakdemo.sharepoint.com/","parameters/method":"POST","parameters/uri":"_api/SP.MoveCopyUtil.MoveFileByPath(overwrite=true)","parameters/headers":{"Accept":"application/json; odata=nometadata","Content-Type":"application/json; odata=verbose"},"parameters/body":"@outputs('MoveFile')"},"authentication":"@parameters('$authentication')"}}},"runAfter":{},"expression":{"equals":["@triggerOutputs()?['body/{IsFolder}']",false]},"type":"If"}}},"connectionReferences":{"shared_sharepointonline":{"connectionName":"e777b1e60d424781a584f144c74757ab","source":"Embedded","id":"/providers/Microsoft.PowerApps/apis/shared_sharepointonline","tier":"NotSpecified"}},"flowFailureAlertSubscribed":false}}