{"name":"79b24cad-9cc2-41df-9b9c-e481cf5a6f0e","id":"/providers/Microsoft.Flow/flows/79b24cad-9cc2-41df-9b9c-e481cf5a6f0e","type":"Microsoft.Flow/flows","properties":{"apiId":"/providers/Microsoft.PowerApps/apis/shared_logicflows","displayName":"DecimalNumberToTime","definition":{"metadata":{"workflowEntityId":null,"creator":{"id":"1288be4b-93b7-4d6b-bde2-f4ca436b8536","type":"User","tenantId":"f5c8e4c1-6615-422d-b850-d79cee28c6f1"},"provisioningMethod":"FromDefinition","failureAlertSubscription":true,"clientLastModifiedTime":"2020-02-23T01:14:31.4494303Z"},"$schema":"https://schema.management.azure.com/providers/Microsoft.Logic/schemas/2016-06-01/workflowdefinition.json#","contentVersion":"1.0.0.0","parameters":{"$authentication":{"defaultValue":{},"type":"SecureObject"}},"triggers":{"manual":{"type":"Request","kind":"Button","inputs":{"schema":{"type":"object","properties":{"text":{"title":"Decimal Time Type","type":"string","x-ms-dynamically-added":true,"description":"Please enter your input","enum":["Days","Hours"],"x-ms-content-hint":"TEXT"},"number":{"title":"DecimalNumber","type":"number","x-ms-dynamically-added":true,"description":"Please enter a number","x-ms-content-hint":"NUMBER"}},"required":["text","number"]}}}},"actions":{"Switch":{"runAfter":{},"cases":{"Decimal_Time_In_Days":{"case":"Days","actions":{"DEC":{"runAfter":{},"type":"Compose","inputs":"@triggerBody()['number']"},"TimeDay":{"runAfter":{"DEC":["Succeeded"]},"type":"Compose","inputs":"@string(mul(float(outputs('DEC')),24))"},"TimeHrs":{"runAfter":{"TimeDay":["Succeeded"]},"type":"Compose","inputs":"@string(if(contains(outputs('TimeDay'),'.'),mul(float(concat('.',string(split(outputs('TimeDay'),'.')[1]))),60),0))"},"TimeMin":{"runAfter":{"TimeHrs":["Succeeded"]},"type":"Compose","inputs":"@string(if(contains(outputs('TimeHrs'),'.'),mul(float(concat('.',string(split(outputs('TimeHrs'),'.')[1]))),60),0))"},"TimeSec":{"runAfter":{"TimeMin":["Succeeded"]},"type":"Compose","inputs":"@string(if(contains(outputs('TimeMin'),'.'),mul(float(concat('.',string(split(outputs('TimeMin'),'.')[1]))),60),0))"},"MyTime":{"runAfter":{"TimeSec":["Succeeded"]},"type":"Compose","inputs":"@concat(if(contains(outputs('TimeDay'),'.'),split(outputs('TimeDay'),'.')[0],outputs('TimeDay')),':',if(contains(outputs('TimeHrs'),'.'),split(outputs('TimeHrs'),'.')[0],outputs('TimeHrs')),':',if(contains(outputs('TimeMin'),'.'),split(outputs('TimeMin'),'.')[0],outputs('TimeMin')),':',if(contains(outputs('TimeSec'),'.'),split(outputs('TimeSec'),'.')[0],outputs('TimeSec')))"}}},"Decimal_Time_in_Hours":{"case":"Hours","actions":{"DecNo":{"runAfter":{},"type":"Compose","inputs":"@triggerBody()['number']"},"Hrs":{"runAfter":{"DecNo":["Succeeded"]},"type":"Compose","inputs":"@string(outputs('DecNo'))"},"Min":{"runAfter":{"Hrs":["Succeeded"]},"type":"Compose","inputs":"@string(if(contains(outputs('Hrs'),'.'),mul(float(concat('.',string(split(outputs('Hrs'),'.')[1]))),60),0))"},"Sec":{"runAfter":{"Min":["Succeeded"]},"type":"Compose","inputs":"@string(if(contains(outputs('Min'),'.'),mul(float(concat('.',string(split(outputs('Min'),'.')[1]))),60),0))"},"Time":{"runAfter":{"Sec":["Succeeded"]},"type":"Compose","inputs":"@concat(if(contains(outputs('Hrs'),'.'),split(outputs('Hrs'),'.')[0],outputs('Hrs')),':',if(contains(outputs('Min'),'.'),split(outputs('Min'),'.')[0],outputs('Min')),':',if(contains(outputs('Sec'),'.'),split(outputs('Sec'),'.')[0],outputs('Sec')))"}}}},"default":{"actions":{}},"expression":"@triggerBody()['text']","type":"Switch"}}},"connectionReferences":{},"flowFailureAlertSubscribed":false}}