{"name":"1b2797df-2607-408e-ac0e-bca4aeb41a30","id":"/providers/Microsoft.Flow/flows/1b2797df-2607-408e-ac0e-bca4aeb41a30","type":"Microsoft.Flow/flows","properties":{"apiId":"/providers/Microsoft.PowerApps/apis/shared_logicflows","displayName":"Power Automate HTTP action","definition":{"metadata":{"workflowEntityId":null,"processAdvisorMetadata":null,"flowChargedByPaygo":null,"flowclientsuspensionreason":"None","flowclientsuspensiontime":null,"flowclientsuspensionreasondetails":null,"creator":{"id":"bb78b6cb-1737-4234-a136-b51f910f7279","type":"User","tenantId":"dfbc606c-719f-4d07-8482-3261e955e3a2"},"provisioningMethod":"FromDefinition","failureAlertSubscription":true,"clientLastModifiedTime":"2024-03-22T22:25:36.0279135Z","connectionKeySavedTimeKey":"2024-03-22T22:25:36.0279135Z"},"$schema":"https://schema.management.azure.com/providers/Microsoft.Logic/schemas/2016-06-01/workflowdefinition.json#","contentVersion":"1.0.0.0","parameters":{"$connections":{"defaultValue":{},"type":"Object"},"$authentication":{"defaultValue":{},"type":"SecureObject"}},"triggers":{"manual":{"metadata":{"operationMetadataId":"a2480858-b256-4bf3-99ce-7f30613e9346"},"type":"Request","kind":"Button","inputs":{"schema":{"type":"object","properties":{},"required":[]}}}},"actions":{"Send_an_HTTP_request_to_SharePoint":{"runAfter":{},"metadata":{"operationMetadataId":"1f198e08-e883-4347-aa26-d420eb217384"},"type":"OpenApiConnection","inputs":{"host":{"apiId":"/providers/Microsoft.PowerApps/apis/shared_sharepointonline","connectionName":"shared_sharepointonline","operationId":"HttpRequest"},"parameters":{"dataset":"https://deepakdemo.sharepoint.com/","parameters/method":"GET","parameters/uri":"_api/web/lists/getByTitle('Work progress tracker')/items(3)/versions","parameters/headers":{"Accept":"application/json;odata=verbose"}},"authentication":{"value":"@json(decodeBase64(triggerOutputs().headers['X-MS-APIM-Tokens']))['$ConnectionKey']","type":"Raw"}}},"Invoke_an_HTTP_request":{"runAfter":{"Send_an_HTTP_request_to_SharePoint":["Succeeded"]},"metadata":{"operationMetadataId":"0ee38114-ad83-448b-a6bb-f799570bf5f1"},"type":"OpenApiConnection","inputs":{"host":{"apiId":"/providers/Microsoft.PowerApps/apis/shared_webcontents","connectionName":"shared_webcontents","operationId":"InvokeHttp"},"parameters":{"request/method":"GET","request/url":"/v1.0/me/planner/tasks"},"authentication":{"value":"@json(decodeBase64(triggerOutputs().headers['X-MS-APIM-Tokens']))['$ConnectionKey']","type":"Raw"}}},"HTTP":{"runAfter":{"Invoke_an_HTTP_request":["Succeeded"]},"metadata":{"operationMetadataId":"6a37083c-5b57-464c-b0ff-77e5ea53658b"},"type":"Http","inputs":{"method":"GET","uri":"https://alpha-vantage.p.rapidapi.com/query","headers":{"x-rapidapi-host":"alpha-vantage.p.rapidapi.com","x-rapidapi-key":"2d86fc7bfdmsh6b9dbc4e859ab5dp195499jsn38ba03c2e233"},"queries":{"interval":"5min","function":"TIME_SERIES_INTRADAY","symbol":"MSFT","datatype":"json","output_size":"compact"}}}}},"connectionReferences":{"shared_sharepointonline":{"connectionName":"e777b1e60d424781a584f144c74757ab","source":"Invoker","id":"/providers/Microsoft.PowerApps/apis/shared_sharepointonline","tier":"NotSpecified"},"shared_webcontents":{"connectionName":"4e9779187f2b46f3b3eec660b2a598f8","source":"Invoker","id":"/providers/Microsoft.PowerApps/apis/shared_webcontents","tier":"NotSpecified"}},"flowFailureAlertSubscribed":false,"isManaged":false}}