{"name":"97f69dbe-f35d-41eb-9197-11d51781fd59","id":"/providers/Microsoft.Flow/flows/97f69dbe-f35d-41eb-9197-11d51781fd59","type":"Microsoft.Flow/flows","properties":{"apiId":"/providers/Microsoft.PowerApps/apis/shared_logicflows","displayName":"Turn on Power Automate Flow Automatically","definition":{"metadata":{"workflowEntityId":null,"processAdvisorMetadata":null,"flowChargedByPaygo":null,"flowclientsuspensionreason":"None","flowclientsuspensiontime":null,"flowclientsuspensionreasondetails":null,"creator":{"id":"bb78b6cb-1737-4234-a136-b51f910f7279","type":"User","tenantId":"dfbc606c-719f-4d07-8482-3261e955e3a2"},"provisioningMethod":"FromDefinition","failureAlertSubscription":true,"clientLastModifiedTime":"2024-03-22T22:38:01.4036257Z","connectionKeySavedTimeKey":"2024-03-22T22:38:01.4036257Z"},"$schema":"https://schema.management.azure.com/providers/Microsoft.Logic/schemas/2016-06-01/workflowdefinition.json#","contentVersion":"1.0.0.0","parameters":{"$connections":{"defaultValue":{},"type":"Object"},"$authentication":{"defaultValue":{},"type":"SecureObject"}},"triggers":{"Recurrence":{"recurrence":{"frequency":"Day","interval":1,"startTime":"2021-07-09T15:00:00.000Z"},"metadata":{"operationMetadataId":"19f710d5-203f-4e3f-975e-33c3da2d9c24"},"type":"Recurrence"}},"actions":{"List_My_Flows":{"runAfter":{},"metadata":{"operationMetadataId":"81be1544-4c7d-434f-852a-64245c36ee37"},"type":"OpenApiConnection","inputs":{"host":{"apiId":"/providers/Microsoft.PowerApps/apis/shared_flowmanagement","connectionName":"shared_flowmanagement_1","operationId":"ListMyFlows"},"parameters":{"environmentName":"Default-dfbc606c-719f-4d07-8482-3261e955e3a2"},"authentication":"@parameters('$authentication')"}},"Filter_array":{"runAfter":{"List_My_Flows":["Succeeded"]},"metadata":{"operationMetadataId":"7c65a968-f16c-49a5-b2b5-bb831de4894b"},"type":"Query","inputs":{"from":"@outputs('List_My_Flows')?['body/value']","where":"@and(equals(item()?['properties/state'], 'Stopped'),contains(item()?['properties/displayName'], 'Prod'))"}},"Apply_to_each":{"foreach":"@body('Filter_array')","actions":{"Turn_On_Flow":{"runAfter":{},"metadata":{"operationMetadataId":"9f7f53fa-b5b6-4776-a334-00a5f1f308ae"},"type":"OpenApiConnection","inputs":{"host":{"apiId":"/providers/Microsoft.PowerApps/apis/shared_flowmanagement","connectionName":"shared_flowmanagement_2","operationId":"StartFlow"},"parameters":{"environmentName":"Default-dfbc606c-719f-4d07-8482-3261e955e3a2","flowName":"@items('Apply_to_each')?['name']"},"authentication":"@parameters('$authentication')"}},"Get_user_profile_(V2)":{"runAfter":{"Turn_On_Flow":["Succeeded"]},"metadata":{"operationMetadataId":"3c27a03f-b3c6-43cd-a01a-211317850dca"},"type":"OpenApiConnection","inputs":{"host":{"apiId":"/providers/Microsoft.PowerApps/apis/shared_office365users","connectionName":"shared_office365users","operationId":"UserProfile_V2"},"parameters":{"id":"sample@deepakdemo.onmicrosoft.com"},"authentication":"@parameters('$authentication')"}},"Send_an_email_(V2)":{"runAfter":{"Get_user_profile_(V2)":["Succeeded"]},"metadata":{"operationMetadataId":"28bc0093-9dc1-4aa0-89ad-abb109bd6401"},"type":"OpenApiConnection","inputs":{"host":{"apiId":"/providers/Microsoft.PowerApps/apis/shared_office365","connectionName":"shared_office365","operationId":"SendEmailV2"},"parameters":{"emailMessage/To":"@outputs('Get_user_profile_(V2)')?['body/mail']","emailMessage/Subject":"@{items('Apply_to_each')?['properties']?['displayName']} Started","emailMessage/Body":"<p>Thank You.</p>"},"authentication":"@parameters('$authentication')"}},"Modify_Flow_Owners":{"runAfter":{"Send_an_email_(V2)":["Succeeded"]},"metadata":{"operationMetadataId":"a8fb7284-6b15-4c07-ab4a-da095c88fe45"},"type":"OpenApiConnection","inputs":{"host":{"apiId":"/providers/Microsoft.PowerApps/apis/shared_flowmanagement","connectionName":"shared_flowmanagement_3","operationId":"ModifyFlowOwners"},"parameters":{"environmentName":"Default-dfbc606c-719f-4d07-8482-3261e955e3a2","flowName":"@items('Apply_to_each')?['name']","permissions/put":[{"properties/principal/id":"@outputs('Get_user_profile_(V2)')?['body/id']","properties/principal/type":"User"}]},"authentication":"@parameters('$authentication')"}}},"runAfter":{"Filter_array":["Succeeded"]},"metadata":{"operationMetadataId":"83dd3a2a-8ef9-4bd8-ada9-61dfee7f7136"},"type":"Foreach"}}},"connectionReferences":{"shared_flowmanagement_1":{"connectionName":"shared-flowmanagemen-223133dc-a8bb-43a0-b786-d86bb9e72595","source":"Embedded","id":"/providers/Microsoft.PowerApps/apis/shared_flowmanagement","tier":"NotSpecified"},"shared_flowmanagement_2":{"connectionName":"shared-flowmanagemen-847c1d8c-ccd7-4ad5-a9a4-b491f5ae841f","source":"Embedded","id":"/providers/Microsoft.PowerApps/apis/shared_flowmanagement","tier":"NotSpecified"},"shared_office365users":{"connectionName":"32a6e023f1824eb2836dc42054840d6d","source":"Embedded","id":"/providers/Microsoft.PowerApps/apis/shared_office365users","tier":"NotSpecified"},"shared_office365":{"connectionName":"f59009dbcd984fedacd5c7161b0597fe","source":"Embedded","id":"/providers/Microsoft.PowerApps/apis/shared_office365","tier":"NotSpecified"},"shared_flowmanagement_3":{"connectionName":"shared-flowmanagemen-5bd73fa5-291c-4ce5-8b47-3d146b6e5a7a","source":"Embedded","id":"/providers/Microsoft.PowerApps/apis/shared_flowmanagement","tier":"NotSpecified"}},"flowFailureAlertSubscribed":false,"isManaged":false}}