{"name":"e7668500-ed61-43bb-8063-cf92bc53e366","id":"/providers/Microsoft.Flow/flows/e7668500-ed61-43bb-8063-cf92bc53e366","type":"Microsoft.Flow/flows","properties":{"apiId":"/providers/Microsoft.PowerApps/apis/shared_logicflows","displayName":"JSON Format","definition":{"metadata":{"workflowEntityId":null,"creator":{"id":"1288be4b-93b7-4d6b-bde2-f4ca436b8536","type":"User","tenantId":"f5c8e4c1-6615-422d-b850-d79cee28c6f1"},"provisioningMethod":"FromDefinition","failureAlertSubscription":true,"clientLastModifiedTime":"2020-03-19T15:02:38.8786465Z"},"$schema":"https://schema.management.azure.com/providers/Microsoft.Logic/schemas/2016-06-01/workflowdefinition.json#","contentVersion":"1.0.0.0","parameters":{"$authentication":{"defaultValue":{},"type":"SecureObject"}},"triggers":{"manual":{"type":"Request","kind":"Button","inputs":{"schema":{"type":"object","properties":{},"required":[]}}}},"actions":{"Parse_JSON":{"runAfter":{"Initialize_variable":["Succeeded"]},"type":"ParseJson","inputs":{"content":"{\n  \"series\": [\n    {\n      \"name\": \"nutanix_hosts_hypervisor_stats\",\n      \"tags\": {\n        \"alertID\": \"NutanixMemoryUsageMedium Prioritynx-node-b.local \",\n        \"cluster_uuid\": \"000541c8-ee1e-99b4-0000-00000000f39e\",\n        \"host\": \"HOST\",\n        \"host_name\": \"nx-node-b.local\",\n        \"host_uuid\": \"f4de7bc1-cf73-428c-aa73-3f3609efe354\",\n        \"level\": \"CRITICAL\"\n      },\n      \"columns\": [\n        \"time\",\n        \"crit_duration\",\n        \"duration\",\n        \"memory_usage_ppm\",\n        \"memory_used\",\n        \"message\",\n        \"warn_duration\"\n      ],\n      \"values\": [\n        [\n          \"2020-03-18T15:35:00Z\",\n          1737,\n          104100000000000,\n          738300,\n          73,\n          \"Data: map[memory_usage_ppm:738300 warn_duration:1737 crit_duration:1737 memory_used:73] Priority: Medium Priorityhost: nx-node-b.local 73\",\n          1737\n        ]\n      ]\n    }\n  ]\n}​","schema":{"type":"object","properties":{"series":{"type":"array","items":{"type":"object","properties":{"name":{"type":"string"},"tags":{"type":"object","properties":{"alertID":{"type":"string"},"cluster_uuid":{"type":"string"},"host":{"type":"string"},"host_name":{"type":"string"},"host_uuid":{"type":"string"},"level":{"type":"string"}}},"columns":{"type":"array","items":{"type":"string"}},"values":{"type":"array","items":{"type":"array"}}},"required":["name","tags","columns","values"]}}}}}},"Apply_to_each_2":{"foreach":"@body('Parse_JSON')?['series']","actions":{"Apply_to_each":{"foreach":"@items('Apply_to_each_2')?['columns']","actions":{"Apply_to_each_3":{"foreach":"@items('Apply_to_each_2')?['values']","actions":{"Compose_2":{"runAfter":{},"type":"Compose","inputs":"@{items('Apply_to_each')}:@{items('Apply_to_each_3')[variables('ColumnCounter')]}"},"Increment_variable":{"runAfter":{"Compose_2":["Succeeded"]},"type":"IncrementVariable","inputs":{"name":"ColumnCounter","value":1}}},"runAfter":{},"type":"Foreach"}},"runAfter":{},"type":"Foreach"}},"runAfter":{"Parse_JSON":["Succeeded"]},"type":"Foreach"},"Initialize_variable":{"runAfter":{},"type":"InitializeVariable","inputs":{"variables":[{"name":"ColumnCounter","type":"integer","value":0}]}}}},"connectionReferences":{},"flowFailureAlertSubscribed":false}}