{"name":"2db2acc7-7736-460f-b10c-01e9279d7901","id":"/providers/Microsoft.Flow/flows/2db2acc7-7736-460f-b10c-01e9279d7901","type":"Microsoft.Flow/flows","properties":{"apiId":"/providers/Microsoft.PowerApps/apis/shared_logicflows","displayName":"SPBatchReq","definition":{"metadata":{"workflowEntityId":null,"flowclientsuspensionreason":"None","flowclientsuspensiontime":null,"creator":{"id":"bb78b6cb-1737-4234-a136-b51f910f7279","type":"User","tenantId":"dfbc606c-719f-4d07-8482-3261e955e3a2"},"provisioningMethod":"FromDefinition","failureAlertSubscription":true,"clientLastModifiedTime":"2021-02-08T00:58:07.2283257Z"},"$schema":"https://schema.management.azure.com/providers/Microsoft.Logic/schemas/2016-06-01/workflowdefinition.json#","contentVersion":"1.0.0.0","parameters":{"$connections":{"defaultValue":{},"type":"Object"},"$authentication":{"defaultValue":{},"type":"SecureObject"}},"triggers":{"manual":{"type":"Request","kind":"Button","inputs":{"schema":{"type":"object","properties":{},"required":[]}}}},"actions":{"Initialize_variable":{"runAfter":{},"type":"InitializeVariable","inputs":{"variables":[{"name":"BatchRequestArray","type":"array","value":[]}]}},"BatchID":{"runAfter":{"Initialize_variable":["Succeeded"]},"type":"Compose","inputs":"batch_@{guid()}"},"changesetID":{"runAfter":{"BatchID":["Succeeded"]},"type":"Compose","inputs":"changeset_@{guid()}"},"Header":{"runAfter":{"changesetID":["Succeeded"]},"type":"Compose","inputs":"--@{outputs('BatchID')}\nContent-Type: multipart/mixed; boundary=\"@{outputs('changesetID')}\"\nContent-Transfer-Encoding: binary\n\n"},"Append_header":{"runAfter":{"Header":["Succeeded"]},"type":"AppendToArrayVariable","inputs":{"name":"BatchRequestArray","value":"@outputs('Header')"}},"List_rows_present_in_a_table":{"runAfter":{"Append_header":["Succeeded"]},"metadata":{"01YJCWCN7USSBWPL7MRVHL7TTTMZCJSOY3":"/Sampledata.xlsx","tableId":"{00000000-000C-0000-FFFF-FFFF00000000}"},"type":"OpenApiConnection","inputs":{"host":{"apiId":"/providers/Microsoft.PowerApps/apis/shared_excelonlinebusiness","connectionName":"shared_excelonlinebusiness","operationId":"GetItems"},"parameters":{"source":"sites/deepakdemo.sharepoint.com,fd9cb5d0-fdd3-48c2-9426-c4e556f6c7ec,00d1bb27-7501-44af-8a67-a32c1c7221ae","drive":"b!0LWc_dP9wkiUJsTlVvbH7Ce70QABda9EimejLBxyIa5sZk5ge8odTb9oj9IFdNQn","file":"01YJCWCN7USSBWPL7MRVHL7TTTMZCJSOY3","table":"{00000000-000C-0000-FFFF-FFFF00000000}"},"authentication":{"value":"@json(decodeBase64(triggerOutputs().headers['X-MS-APIM-Tokens']))['$ConnectionKey']","type":"Raw"}},"runtimeConfiguration":{"paginationPolicy":{"minimumItemCount":1000}}},"Apply_to_each":{"foreach":"@outputs('List_rows_present_in_a_table')?['body/value']","actions":{"Create_Request":{"runAfter":{},"type":"Compose","inputs":"--@{outputs('changesetID')}\nContent-Type: application/http\nContent-Transfer-Encoding: binary\n\nPOST https://deepakdemo.sharepoint.com/_api/web/lists/getbytitle('CourseRegistration')/items HTTP/1.1\nContent-Type: application/json;odata=verbose\n\n{\"__metadata\":{\"type\":\"SP.Data.CourseRegistrationListItem\"},\"Title\":\"@{items('Apply_to_each')?['FirstName']}\",\"Lastname\":\"@{items('Apply_to_each')?['Lastname']}\",\"Email\":\"@{items('Apply_to_each')?['Email']}\",\"Location\":\"@{items('Apply_to_each')?['Location']}\",\"Course\":\"@{items('Apply_to_each')?['Course']}\"}\n\n\n\n\n"},"Append_to_Request":{"runAfter":{"Create_Request":["Succeeded"]},"type":"AppendToArrayVariable","inputs":{"name":"BatchRequestArray","value":"@outputs('Create_Request')"}}},"runAfter":{"List_rows_present_in_a_table":["Succeeded"]},"type":"Foreach","runtimeConfiguration":{"concurrency":{"repetitions":50}}},"Close_Batch":{"runAfter":{"Apply_to_each":["Succeeded"]},"type":"AppendToArrayVariable","inputs":{"name":"BatchRequestArray","value":"--@{outputs('changesetID')}--\n\n--@{outputs('BatchID')}--"}},"Finalize_Batch":{"runAfter":{"Close_Batch":["Succeeded"]},"type":"Compose","inputs":"@join(variables('BatchRequestArray'),' ')"},"Send_an_HTTP_request_to_SharePoint":{"runAfter":{"Finalize_Batch":["Succeeded"]},"type":"OpenApiConnection","inputs":{"host":{"apiId":"/providers/Microsoft.PowerApps/apis/shared_sharepointonline","connectionName":"shared_sharepointonline","operationId":"HttpRequest"},"parameters":{"dataset":"https://deepakdemo.sharepoint.com/","parameters/method":"POST","parameters/uri":"_api/$batch","parameters/headers":{"Content-Type":"multipart/mixed;boundary=@{outputs('BatchID')}"},"parameters/body":"@outputs('Finalize_Batch')"},"authentication":{"value":"@json(decodeBase64(triggerOutputs().headers['X-MS-APIM-Tokens']))['$ConnectionKey']","type":"Raw"}}}}},"connectionReferences":{"shared_excelonlinebusiness":{"connectionName":"shared-excelonlinebu-56733f13-6fe7-4ef1-aa4b-d057-5ebb7a09","source":"Invoker","id":"/providers/Microsoft.PowerApps/apis/shared_excelonlinebusiness","tier":"NotSpecified"},"shared_sharepointonline":{"connectionName":"shared-sharepointonl-f4010be9-2be7-4489-bd49-beff-d766b61d","source":"Invoker","id":"/providers/Microsoft.PowerApps/apis/shared_sharepointonline","tier":"NotSpecified"}},"flowFailureAlertSubscribed":false}}